FeatureID	GoldSet MethodID Position	GoldSetMethodID	LSI+Dyn GoldSetMethodID Rank - All Ranks	LSI+Dyn GoldSetMethodID Rank - Best Rank
950961	685	org.gjt.sp.jedit.buffer.BufferAdapter.preContentInserted(JEditBuffer,int,int,int,int)	151	2
 	705	org.gjt.sp.jedit.buffer.BufferChangeListener.Adapter.preContentInserted(JEditBuffer,int,int,int,int)		
 	2965	org.gjt.sp.jedit.buffer.JEditBuffer.fireFoldLevelChanged(int,int)	32	
 	2966	org.gjt.sp.jedit.buffer.JEditBuffer.fireContentInserted(int,int,int,int)	437	
 	2967	org.gjt.sp.jedit.buffer.JEditBuffer.fireContentRemoved(int,int,int,int)	426	
 	2968	org.gjt.sp.jedit.buffer.JEditBuffer.firePreContentInserted(int,int,int,int)	389	
 	2969	org.gjt.sp.jedit.buffer.JEditBuffer.firePreContentRemoved(int,int,int,int)	384	
 	2974	org.gjt.sp.jedit.buffer.JEditBuffer.fireTransactionComplete()	740	
 	2975	org.gjt.sp.jedit.buffer.JEditBuffer.fireFoldHandlerChanged()		
 	2976	org.gjt.sp.jedit.buffer.JEditBuffer.fireBufferLoaded()		
 	2979	org.gjt.sp.jedit.buffer.JEditBuffer.loadText(Segment,IntegerArray)		
 	2985	org.gjt.sp.jedit.buffer.JEditBuffer.contentInserted(int,int,IntegerArray)	202	
 	716	org.gjt.sp.jedit.textarea.BufferHandler.contentInserted(JEditBuffer,int,int,int,int)	46	
 	717	org.gjt.sp.jedit.textarea.BufferHandler.preContentInserted(JEditBuffer,int,int,int,int)	36	
 	718	org.gjt.sp.jedit.textarea.BufferHandler.preContentRemoved(JEditBuffer,int,int,int,int)	37	
 	723	org.gjt.sp.jedit.textarea.BufferHandler.getReadyToBreakFold(int)	2	
 	719	org.gjt.sp.jedit.textarea.BufferHandler.contentRemoved(JEditBuffer,int,int,int,int)	52	
 	4501	org.gjt.sp.jedit.textarea.RangeMap.RangeMap(RangeMap)		
 	4507	org.gjt.sp.jedit.textarea.RangeMap.put(int,int,int[])	170	
 	4514	org.gjt.sp.jedit.textarea.RangeMap.dump()	71	
981012	904	org.gjt.sp.jedit.syntax.Chunk.init(Segment,TabExpander,float,FontRenderContext)	130	130
1193683	717	org.gjt.sp.jedit.textarea.BufferHandler.preContentInserted(JEditBuffer,int,int,int,int)	46	3
 	718	org.gjt.sp.jedit.textarea.BufferHandler.preContentRemoved(JEditBuffer,int,int,int,int)	66	
 	723	org.gjt.sp.jedit.textarea.BufferHandler.getReadyToBreakFold(int)	3	
1292706	2043	org.gjt.sp.jedit.GUIUtilities.loadGeometry(Window,String)	87	33
 	2049	org.gjt.sp.jedit.GUIUtilities.saveGeometry(Window,String)	33	
1382388	3511	org.gjt.sp.jedit.Mode.Mode(String)		39
 	3520	org.gjt.sp.jedit.Mode.setProperties(Map)	845	
 	3526	org.gjt.sp.jedit.Mode.getIgnoreWhitespace()	1423	
 	3529	org.gjt.sp.jedit.Mode.initIndentRules()	127	
 	2887	org.gjt.sp.jedit.buffer.JEditBuffer.getPriorNonEmptyLine(int)	205	
 	2911	org.gjt.sp.jedit.buffer.JEditBuffer.isElectricKey(char)	255	
 	2415	org.gjt.sp.jedit.indent.IndentAction.NoIncrease.calculateIndent(JEditBuffer,int,int,int)	39	
 	2416	org.gjt.sp.jedit.indent.IndentAction.NoIncrease.keepChecking()	1335	
 	6072	org.gjt.sp.jedit.indent.WhitespaceRule.apply(JEditBuffer,int,int,int,List<IndentAction>)	99	
1500938	4767	org.gjt.sp.jedit.search.SearchDialog.showSearchDialog(View,String,int)	11	5
 	4768	org.gjt.sp.jedit.search.SearchDialog.setSearchString(String,int)	5	
1520769	204	org.gjt.sp.jedit.Autosave.actionPerformed(ActionEvent)	7	2
 	620	org.gjt.sp.jedit.Buffer.removeAutosaveFile()		
 	4688	org.gjt.sp.jedit.options.SaveBackupOptionPane._init()	4	
 	4689	org.gjt.sp.jedit.options.SaveBackupOptionPane._save()	2	
1520774	3506	org.gjt.sp.jedit.MiscUtilities.getPathStart(String)	85	85
1533473	1555	org.gjt.sp.jedit.EditPane.saveCaretInfo()	117	51
 	1556	org.gjt.sp.jedit.EditPane.loadCaretInfo()	51	
1536064	2054	org.gjt.sp.jedit.GUIUtilities.requestFocus(Window,Component)	50	50
1538051	2776	org.gjt.sp.jedit.jEdit.showMemoryDialog(View)	1	1
 	5012	org.gjt.sp.jedit.gui.StatusBar.propertiesChanged()	780	
 	5015	org.gjt.sp.jedit.gui.StatusBar.statusUpdate(WorkThreadPool,int)	288	
 	5021	org.gjt.sp.jedit.gui.StatusBar.updateBufferStatus()	546	
 	-1	org.gjt.sp.jedit.gui.StatusBar.MemoryStatus.getToolTipText()		
 	-1	org.gjt.sp.jedit.gui.StatusBar.MemoryStatus.paintComponent(Graphics)		
1538702	2042	org.gjt.sp.jedit.GUIUtilities.loadGeometry(Window,Container,String)	198	1
 	2043	org.gjt.sp.jedit.GUIUtilities.loadGeometry(Window,String)	147	
 	2049	org.gjt.sp.jedit.GUIUtilities.saveGeometry(Window,String)	196	
 	2050	org.gjt.sp.jedit.GUIUtilities.saveGeometry(Window,Container,String)	269	
 	-1	org.gjt.sp.jedit.GUIUtilities.addSizeSaver(Window,String)		
 	-1	org.gjt.sp.jedit.GUIUtilities.addSizeSaver(Window,Container,String)		
 	-1	org.gjt.sp.jedit.GUIUtilities.SizeSaver.SizeSaver(Window,String)		
 	-1	org.gjt.sp.jedit.GUIUtilities.SizeSaver.SizeSaver(Window,Container,String)		
 	2077	org.gjt.sp.jedit.GUIUtilities.SizeSaver.windowStateChanged(WindowEvent)		
 	2080	org.gjt.sp.jedit.GUIUtilities.SizeSaver.componentMoved(ComponentEvent)	565	
 	-1	org.gjt.sp.jedit.PluginJAR.load(boolean)		
 	4266	org.gjt.sp.jedit.PluginJAR.load(String,boolean)	32	
 	4268	org.gjt.sp.jedit.PluginJAR.findPlugin(String)		
 	4269	org.gjt.sp.jedit.PluginJAR.containsClass(String)		
 	-1	org.gjt.sp.jedit.PluginJAR.jarCompare(String,String)		
 	-1	org.gjt.sp.jedit.PluginJAR.loadDependencies(String)		
 	4278	org.gjt.sp.jedit.PluginJAR.checkDependencies()	3	
 	-1	org.gjt.sp.jedit.PluginJAR.transitiveClosure(Set<String>,Set<String>)		
 	4281	org.gjt.sp.jedit.PluginJAR.transitiveClosure(String[],List<String>)		
 	4282	org.gjt.sp.jedit.PluginJAR.getDependentPlugins()		
 	4285	org.gjt.sp.jedit.PluginJAR.activatePluginIfNecessary()	1	
 	4293	org.gjt.sp.jedit.PluginJAR.init()	50	
 	6027	org.gjt.sp.jedit.View.View(Buffer,ViewConfig)		
 	1694	org.gjt.sp.jedit.gui.ErrorListDialog.ActionHandler.actionPerformed(ActionEvent)		
 	-1	org.gjt.sp.jedit.gui.FloatingWindowContainer.register(DockableWindowManager.Entry)		
 	2707	org.gjt.sp.jedit.jEdit.getPlugin(String,boolean)	7	
 	2711	org.gjt.sp.jedit.jEdit.addPluginJAR(String)	15	
 	3328	org.gjt.sp.jedit.pluginmgr.ManagePanel.ManagePanel(PluginManager)	93	
 	-1	org.gjt.sp.jedit.pluginmgr.ManagePanel.PluginTableModel.toggleCurrentRow()		
 	3344	org.gjt.sp.jedit.pluginmgr.ManagePanel.PluginTableModel.setValueAt(Object,int,int)	85	
 	3348	org.gjt.sp.jedit.pluginmgr.ManagePanel.PluginTableModel.unloadPluginJARWithDialog(PluginJAR)		
 	3349	org.gjt.sp.jedit.pluginmgr.ManagePanel.PluginTableModel.unloadPluginJAR(PluginJAR)		
 	3368	org.gjt.sp.jedit.pluginmgr.ManagePanel.HelpButton.valueChanged(ListSelectionEvent)	82	
 	-1	org.gjt.sp.jedit.pluginmgr.ManagePanel.KeyHandler.keyTyped(KeyEvent)		
 	-1	org.gjt.sp.jedit.pluginmgr.ManagePanel.KeyHandler.keyPressed(KeyEvent)		
 	-1	org.gjt.sp.jedit.pluginmgr.ManagePanel.KeyHandler.keyReleased(KeyEvent)		
 	4352	org.gjt.sp.jedit.pluginmgr.PluginManager.showPluginManager(Frame)	25	
 	4356	org.gjt.sp.jedit.pluginmgr.PluginManager.PluginManager(Frame)	28	
 	-1	org.gjt.sp.jedit.pluginmgr.PluginManager.PluginManager()		
 	4357	org.gjt.sp.jedit.pluginmgr.PluginManager.init()	26	
 	4679	org.gjt.sp.jedit.pluginmgr.Roster.Remove.unloadPluginJAR(PluginJAR)		
1538743	5590	org.gjt.sp.jedit.options.ToolBarEditDialog.ToolBarEditDialog(Component,DefaultComboBoxModel,ToolBarOptionPane.Button)	23	4
 	5595	org.gjt.sp.jedit.options.ToolBarEditDialog.updateList()	4	
1541009	2324	org.gjt.sp.jedit.search.HyperSearchRequest.doHyperSearch(Buffer,int,int,DefaultMutableTreeNode)	60	16
 	4248	org.gjt.sp.jedit.search.PatternSearchMatcher.nextMatch(CharSequence,boolean,boolean,boolean,boolean)	65	
 	-1	org.gjt.sp.jedit.search.PatternSearchMatcher.isMatchingEOL()		
 	4730	org.gjt.sp.jedit.search.SearchAndReplace.find(View)		
 	4733	org.gjt.sp.jedit.search.SearchAndReplace.replace(View)	16	
 	4744	org.gjt.sp.jedit.search.SearchAndReplace._replace(View,JEditBuffer,SearchMatcher,int,int,boolean)	26	
 	-1	org.gjt.sp.jedit.search.SearchAndReplace._replace(View,Buffer,SearchMatcher,int,int,boolean)		
 	-1	org.gjt.sp.jedit.search.SearchAndReplace.replaceOne(View,Buffer,SearchMatcher.Match,int,String,boolean)		
 	-1	org.gjt.sp.jedit.search.SearchMatcher.isMatchingEOL()		
1541372	2130	org.gjt.sp.jedit.textarea.Gutter.MouseHandler.mousePressed(MouseEvent)	23	23
 	-1	org.gjt.sp.jedit.textarea.JEditTextArea.getSelectedText(Selection)		
 	-1	org.gjt.sp.jedit.textarea.JEditTextArea.collapseFold()		
 	-1	org.gjt.sp.jedit.textarea.JEditTextArea.collapseFold(int)		
1542026	2825	org.gjt.sp.jedit.jEdit.MyFocusManager.postProcessKeyEvent(KeyEvent)	815	815
1546200	4525	org.gjt.sp.jedit.menu.RecentFilesProvider.update(JMenu)	1	1
1548902	-1	org.gjt.sp.jedit.TextUtilities.join(Collection,String)		138
 	5500	org.gjt.sp.jedit.TextUtilities.findWordStart(String,int,String,boolean,boolean)		
 	5506	org.gjt.sp.jedit.TextUtilities.findWordEnd(String,int,String,boolean,boolean)		
 	5509	org.gjt.sp.jedit.TextUtilities.getCharType(char,String)		
 	5510	org.gjt.sp.jedit.TextUtilities.spacesToTabs(String,int)		
 	5511	org.gjt.sp.jedit.TextUtilities.tabsToSpaces(String,int)		
 	5512	org.gjt.sp.jedit.TextUtilities.format(String,int,int)	188	
 	5517	org.gjt.sp.jedit.TextUtilities.formatParagraph(String,int,int,StringBuilder)	532	
 	3022	org.gjt.sp.jedit.textarea.JEditTextArea.formatParagraph()	138	
1549282	605	org.gjt.sp.jedit.Buffer.insertFile(View,String)		79
 	609	org.gjt.sp.jedit.Buffer.save(View,String,boolean)	79	
 	638	org.gjt.sp.jedit.Buffer.getDefaultProperty(String)	1200	
 	681	org.gjt.sp.jedit.Buffer.finishSaving(View,String,String,String,boolean,boolean)		
1560006	4767	org.gjt.sp.jedit.search.SearchDialog.showSearchDialog(View,String,int)	1	1
1560584	5354	org.gjt.sp.jedit.textarea.TextArea.addExplicitFold(int,int,int,int)	101	101
1565447	2302	org.gjt.sp.jedit.search.HyperSearchFileNode.goTo(EditPane)	749	5
 	2305	org.gjt.sp.jedit.search.HyperSearchFileNode.getCount()	34	
 	2306	org.gjt.sp.jedit.search.HyperSearchFileNode.setCount(int)	33	
 	2320	org.gjt.sp.jedit.search.HyperSearchRequest.HyperSearchRequest(View,SearchMatcher,HyperSearchResults,Selection[])	5	
 	2321	org.gjt.sp.jedit.search.HyperSearchRequest.run()	12	
 	2323	org.gjt.sp.jedit.search.HyperSearchRequest.doHyperSearch(Buffer,int,int)	8	
 	2388	org.gjt.sp.jedit.search.HyperSearchResults.ResultCellRenderer.getTreeCellRendererComponent(JTree,Object,boolean,boolean,boolean,int,boolean)	22	
 	2389	org.gjt.sp.jedit.search.HyperSearchResults.ResultCellRenderer.CountNodes.processNode(DefaultMutableTreeNode)	21	
1569735	6129	org.gjt.sp.jedit.syntax.XModeHandler.endElement(String,String,String)	38	38
1570554	5775	org.gjt.sp.jedit.browser.VFSBrowser.setDirectory(String)	39	39
 	5804	org.gjt.sp.jedit.browser.VFSBrowser.ActionHandler.actionPerformed(ActionEvent)		
 	5919	org.gjt.sp.jedit.browser.VFSFileChooserDialog.ok()	52	
1571629	5755	org.gjt.sp.jedit.browser.VFSBrowser.VFSBrowser(View,String,int,boolean,String)	4	3
 	5802	org.gjt.sp.jedit.browser.VFSBrowser.updateFilterEnabled()	3	
 	5804	org.gjt.sp.jedit.browser.VFSBrowser.ActionHandler.actionPerformed(ActionEvent)	7	
1571752	5260	org.gjt.sp.jedit.textarea.TextArea.userInput(char)		12
 	5354	org.gjt.sp.jedit.textarea.TextArea.addExplicitFold(int,int,int,int)	12	
1574587	-1	org.gjt.sp.jedit.buffer.JEditBuffer.getUndoManager()		3
 	2876	org.gjt.sp.jedit.buffer.JEditBuffer.setDirty(boolean)	5	
 	792	org.gjt.sp.jedit.bufferio.BufferSaveRequest.run()	31	
 	1527	org.gjt.sp.jedit.options.EditingOptionPane._init()	44	
 	1528	org.gjt.sp.jedit.options.EditingOptionPane._save()	3	
 	1964	org.gjt.sp.jedit.options.GeneralOptionPane._init()		
 	1965	org.gjt.sp.jedit.options.GeneralOptionPane._save()		
 	-1	org.gjt.sp.jedit.buffer.UndoManager.bufferSaved()		
 	5648	org.gjt.sp.jedit.buffer.UndoManager.resetClearDirty()	26	
1575505	5304	org.gjt.sp.jedit.textarea.TextArea.joinLines()	249	249
 	-1	org.gjt.sp.jedit.textarea.TextArea.joinLines(Selection)		
 	5356	org.gjt.sp.jedit.textarea.TextArea.joinLineAt(int)	317	
1576535	1556	org.gjt.sp.jedit.EditPane.loadCaretInfo()	41	41
1578785	4256	org.gjt.sp.jedit.PerspectiveManager.savePerspective(boolean)		2
 	4260	org.gjt.sp.jedit.PerspectiveManager.PerspectiveHandler.attribute(String,String)		
 	4262	org.gjt.sp.jedit.PerspectiveManager.PerspectiveHandler.endElement(String,String,String)		
 	614	org.gjt.sp.jedit.Buffer.getAutoReload()	3	
 	615	org.gjt.sp.jedit.Buffer.setAutoReload(boolean)	6	
 	616	org.gjt.sp.jedit.Buffer.getAutoReloadDialog()	2	
 	617	org.gjt.sp.jedit.Buffer.setAutoReloadDialog(boolean)	5	
 	-1	org.gjt.sp.jedit.Buffer.Buffer(String,boolean,boolean,Hashtable)		
 	770	org.gjt.sp.jedit.gui.BufferOptions.BufferOptions(View,Buffer)		
 	771	org.gjt.sp.jedit.gui.BufferOptions.ok()		
 	773	org.gjt.sp.jedit.gui.BufferOptions.ActionHandler.actionPerformed(ActionEvent)		
 	2759	org.gjt.sp.jedit.jEdit.checkBufferStatus(View)	82	
 	766	org.gjt.sp.jedit.options.BufferOptionPane.BufferOptionPane()		
 	767	org.gjt.sp.jedit.options.BufferOptionPane._init()		
 	768	org.gjt.sp.jedit.options.BufferOptionPane._save()		
 	769	org.gjt.sp.jedit.options.BufferOptionPane.ActionHandler.actionPerformed(ActionEvent)		
 	1964	org.gjt.sp.jedit.options.GeneralOptionPane._init()	10	
 	1965	org.gjt.sp.jedit.options.GeneralOptionPane._save()	8	
1584436	-1	org.gjt.sp.jedit.textarea.Anchor.preContentRemoved(int,int)		
1589360	5404	org.gjt.sp.jedit.textarea.TextAreaMouseHandler.doSingleClick(MouseEvent)	8	8
 	5409	org.gjt.sp.jedit.textarea.TextAreaMouseHandler.doSingleDrag(MouseEvent)	37	
1593359	2431	org.gjt.sp.jedit.gui.InputHandler.processKeyEvent(KeyEvent,int,boolean)	9	9
1593375	1870	org.gjt.sp.jedit.gui.FilteredListModel.FilteredListModel(E)	29	2
 	1871	org.gjt.sp.jedit.gui.FilteredListModel.setList(JList)	139	
 	1872	org.gjt.sp.jedit.gui.FilteredListModel.getDelegated()		
 	1873	org.gjt.sp.jedit.gui.FilteredListModel.setDelegated(E)		
 	1874	org.gjt.sp.jedit.gui.FilteredListModel.resetFilter()	3	
 	1875	org.gjt.sp.jedit.gui.FilteredListModel.setFilter(String)	10	
 	1876	org.gjt.sp.jedit.gui.FilteredListModel.prepareFilter(String)		
 	1877	org.gjt.sp.jedit.gui.FilteredListModel.saveSelection()	623	
 	1878	org.gjt.sp.jedit.gui.FilteredListModel.restoreSelection(Set<Integer>)	681	
 	1879	org.gjt.sp.jedit.gui.FilteredListModel.getTrueRow(int)	96	
 	1880	org.gjt.sp.jedit.gui.FilteredListModel.getInternal2ExternalRow(int)		
 	1881	org.gjt.sp.jedit.gui.FilteredListModel.getElementAt(int)	677	
 	1882	org.gjt.sp.jedit.gui.FilteredListModel.getSize()	11	
 	1883	org.gjt.sp.jedit.gui.FilteredListModel.contentsChanged(ListDataEvent)		
 	1884	org.gjt.sp.jedit.gui.FilteredListModel.intervalAdded(ListDataEvent)	4	
 	1885	org.gjt.sp.jedit.gui.FilteredListModel.intervalRemoved(ListDataEvent)		
 	3255	org.gjt.sp.jedit.gui.LogViewer.LogViewer()	8	
 	3261	org.gjt.sp.jedit.gui.LogViewer.setFilter()	2	
1593389	5779	org.gjt.sp.jedit.browser.VFSBrowser.delete(VFSFile[])	5	2
 	1847	org.gjt.sp.jedit.io.FileVFS.recursiveDelete(File)	2	
 	1861	org.gjt.sp.jedit.io.FileVFS._delete(Object,String,Component)	6	
1593464	1803	org.gjt.sp.jedit.browser.FileCellRenderer.getIconForFile(VFSFile,boolean,boolean)	5	1
 	1804	org.gjt.sp.jedit.browser.FileCellRenderer.propertiesChanged()	13	
 	1841	org.gjt.sp.jedit.io.FileVFS.getParentOfPath(String)	262	
 	1852	org.gjt.sp.jedit.io.FileVFS.LocalFile.getIcon(boolean,boolean)	1	
 	5882	org.gjt.sp.jedit.io.VFSFile.getIcon(boolean)	7	
 	5883	org.gjt.sp.jedit.io.VFSFile.getIcon(boolean,boolean)	8	
 	5884	org.gjt.sp.jedit.io.VFSFile.getDefaultIcon(boolean,boolean)	12	
 	5885	org.gjt.sp.jedit.io.VFSFile.getDefaultIcon(boolean)	2	
 	319	org.gjt.sp.jedit.options.BrowserOptionPane._init()	26	
 	320	org.gjt.sp.jedit.options.BrowserOptionPane._save()	55	
1593523	2314	org.gjt.sp.jedit.search.HyperSearchOperationNode.restoreFlatNodes(JTree,DefaultMutableTreeNode)	11	11
1593526	2355	org.gjt.sp.jedit.search.HyperSearchResults.removeSelectedNode()	56	56
1593543	642	org.gjt.sp.jedit.Buffer.setMode()	618	128
 	728	org.gjt.sp.jedit.BufferHistory.setEntry(String,int,Selection[],String,String)	629	
 	732	org.gjt.sp.jedit.BufferHistory.save()	143	
 	725	org.gjt.sp.jedit.BufferHistory.Entry.Entry(String,int,String,String,String)	1451	
 	740	org.gjt.sp.jedit.BufferHistory.RecentHandler.endElement(String,String,String)		
 	1555	org.gjt.sp.jedit.EditPane.saveCaretInfo()	319	
 	2743	org.gjt.sp.jedit.jEdit._closeBuffer(View,Buffer)	132	
 	2745	org.gjt.sp.jedit.jEdit.closeAllBuffers(View,boolean)	128	
 	-1	org.gjt.sp.jedit.jEdit.composeBufferPropsFromHistory(Hashtable,String)		
1593576	2903	org.gjt.sp.jedit.buffer.JEditBuffer.indentLine(int,boolean)	1	1
 	2906	org.gjt.sp.jedit.buffer.JEditBuffer.getIdealIndentForLine(int,int,int)	7	
 	2905	org.gjt.sp.jedit.buffer.JEditBuffer.getIdealIndentForLine(int)	9	
 	4997	org.gjt.sp.util.StandardUtilities.truncateWhiteSpace(int,int,String)	5	
1593735	3709	org.gjt.sp.jedit.gui.OptionsDialog.valueChanged(TreeSelectionEvent)	18	9
 	3710	org.gjt.sp.jedit.gui.OptionsDialog.init(String,String)	9	
 	-1	org.gjt.sp.jedit.gui.OptionsDialog.selectPane(OptionGroup,String,List)		
 	3716	org.gjt.sp.jedit.gui.OptionsDialog.PaneNameRenderer.getTreeCellRendererComponent(JTree,Object,boolean,boolean,boolean,int,boolean)	42	
1594234	3699	org.gjt.sp.jedit.OptionGroup.insertionSort(String,Object)		3
 	4751	org.gjt.sp.jedit.search.SearchBar.SearchBar(View,boolean)	5	
 	4757	org.gjt.sp.jedit.search.SearchBar.incrementalSearch(int,boolean)	3	
 	4758	org.gjt.sp.jedit.search.SearchBar.timerIncrementalSearch(int,boolean)	12	
1594910	637	org.gjt.sp.jedit.Buffer.propertiesChanged()		8
 	3527	org.gjt.sp.jedit.Mode.getIndentRules()	8	
 	3528	org.gjt.sp.jedit.Mode.isElectricKey(char)		
 	3529	org.gjt.sp.jedit.Mode.initIndentRules()	25	
 	3530	org.gjt.sp.jedit.Mode.createRegexpIndentRule(String)	20	
 	3531	org.gjt.sp.jedit.Mode.createBracketIndentRules(String,List<IndentRule>)	23	
 	2866	org.gjt.sp.jedit.buffer.JEditBuffer.JEditBuffer(Map)		
 	2867	org.gjt.sp.jedit.buffer.JEditBuffer.JEditBuffer()		
 	2905	org.gjt.sp.jedit.buffer.JEditBuffer.getIdealIndentForLine(int)	18	
 	2911	org.gjt.sp.jedit.buffer.JEditBuffer.isElectricKey(char)		
 	2912	org.gjt.sp.jedit.buffer.JEditBuffer.isElectricKey(char,int)		
 	2987	org.gjt.sp.jedit.buffer.JEditBuffer.getIndentRules(int)	9	
 	3020	org.gjt.sp.jedit.textarea.JEditTextArea.userInput(char)		
1599024	4639	org.gjt.sp.jedit.menu.ReloadWithEncodingProvider.updateEveryTime()		1
 	4640	org.gjt.sp.jedit.menu.ReloadWithEncodingProvider.update(JMenu)	4	
 	4641	org.gjt.sp.jedit.menu.ReloadWithEncodingProvider.actionPerformed(ActionEvent)	1	
1599709	2987	org.gjt.sp.jedit.buffer.JEditBuffer.getIndentRules(int)	325	325
1600401	5548	org.gjt.sp.jedit.syntax.TokenMarker.handleRule(ParserRule,boolean)	560	560
1601718	4724	org.gjt.sp.jedit.search.SearchAndReplace.getSearchMatcher()	28	16
 	4729	org.gjt.sp.jedit.search.SearchAndReplace.hyperSearch(View,boolean)		
 	4730	org.gjt.sp.jedit.search.SearchAndReplace.find(View)	46	
 	4733	org.gjt.sp.jedit.search.SearchAndReplace.replace(View)		
 	4735	org.gjt.sp.jedit.search.SearchAndReplace.replaceAll(View)	16	
 	4742	org.gjt.sp.jedit.search.SearchAndReplace.record(View,String,boolean,boolean)	21	
1608486	1576	org.gjt.sp.jedit.EditPane.initPainter(TextAreaPainter)	166	1
 	5418	org.gjt.sp.jedit.options.TextAreaOptionPane._init()	27	
 	5419	org.gjt.sp.jedit.options.TextAreaOptionPane._save()	106	
 	5440	org.gjt.sp.jedit.textarea.TextAreaPainter.isThickCaretEnabled()		
 	5441	org.gjt.sp.jedit.textarea.TextAreaPainter.setThickCaretEnabled(boolean)	1	
 	5481	org.gjt.sp.jedit.textarea.TextAreaPainter.PaintCaret.paintValidLine(Graphics2D,int,int,int,int,int)	16	
1608948	5825	org.gjt.sp.jedit.browser.VFSBrowser.HistoryComboBoxEditor.processFocusEvent(FocusEvent)	1	1
1611766	2987	org.gjt.sp.jedit.buffer.JEditBuffer.getIndentRules(int)	1	1
1617509	1975	org.gjt.sp.jedit.io.GlobVFSFileFilter.accept(VFSFile)	22	22
 	1979	org.gjt.sp.jedit.io.GlobVFSFileFilter.setGlob(String)	384	
1620694	722	org.gjt.sp.jedit.textarea.BufferHandler.delayUpdate(int,int)	912	29
 	5109	org.gjt.sp.jedit.textarea.TextArea.TextArea(IPropertyManager,InputHandlerProvider)		
 	5128	org.gjt.sp.jedit.textarea.TextArea.setBuffer(JEditBuffer)	79	
 	5317	org.gjt.sp.jedit.textarea.TextArea.propertiesChanged()	1108	
 	5325	org.gjt.sp.jedit.textarea.TextArea.foldStructureChanged()		
 	5333	org.gjt.sp.jedit.textarea.TextArea.finishCaretUpdate(int,int,boolean)	29	
 	5420	org.gjt.sp.jedit.textarea.TextAreaPainter.setBounds(int,int,int,int)	48	
 	5468	org.gjt.sp.jedit.textarea.TextAreaPainter.paint(Graphics)	178	
1628053	1547	org.gjt.sp.jedit.EditPane.setBuffer(Buffer,boolean)	29	29
 	853	org.gjt.sp.jedit.gui.BufferSwitcher.updateBufferList()	32	
1630805	4137	org.gjt.sp.jedit.syntax.ParserRule.createSequenceRule(int,String,ParserRuleSet,byte)		276
 	4139	org.gjt.sp.jedit.syntax.ParserRule.createRegexpSequenceRule(String,int,String,ParserRuleSet,byte,boolean)		
 	4140	org.gjt.sp.jedit.syntax.ParserRule.createRegexpSequenceRule(int,char[],String,ParserRuleSet,byte,boolean)		
 	4150	org.gjt.sp.jedit.syntax.ParserRule.createEscapeRule(String)		
 	4151	org.gjt.sp.jedit.syntax.ParserRule.toString()		
 	5546	org.gjt.sp.jedit.syntax.TokenMarker.markTokens(LineContext,TokenHandler,Segment)	276	
 	5547	org.gjt.sp.jedit.syntax.TokenMarker.checkDelegateEnd(ParserRule)	1096	
1638642	2068	org.gjt.sp.jedit.GUIUtilities.initContinuousLayout(JSplitPane)	1	1
 	-1	org.gjt.sp.jedit.GUIUtilities.SizeSaver.SizeSaver(Frame,String)		
 	5995	org.gjt.sp.jedit.View.split(int)	4	
 	6037	org.gjt.sp.jedit.View.restoreSplitConfig(Buffer,String)		
 	6038	org.gjt.sp.jedit.View.propertiesChanged()	29	
 	321	org.gjt.sp.jedit.browser.BrowserView.BrowserView(VFSBrowser)	25	
 	332	org.gjt.sp.jedit.browser.BrowserView.propertiesChanged()	5	
 	341	org.gjt.sp.jedit.browser.BrowserView.TableMouseHandler.mouseClicked(MouseEvent)		
 	3710	org.gjt.sp.jedit.gui.OptionsDialog.init(String,String)	23	
 	4620	org.gjt.sp.jedit.gui.RegisterViewer.RegisterViewer(View,String)		
 	4622	org.gjt.sp.jedit.gui.RegisterViewer.handleMessage(EBMessage)		
 	4627	org.gjt.sp.jedit.gui.RegisterViewer.refreshList()		
 	2212	org.gjt.sp.jedit.help.HelpViewer.HelpViewer(String)		
 	2217	org.gjt.sp.jedit.help.HelpViewer.handleMessage(EBMessage)		
 	189	org.gjt.sp.jedit.options.AppearanceOptionPane._init()	64	
 	190	org.gjt.sp.jedit.options.AppearanceOptionPane._save()	90	
 	2456	org.gjt.sp.jedit.pluginmgr.InstallPanel.InstallPanel(PluginManager,boolean)		
 	2460	org.gjt.sp.jedit.pluginmgr.InstallPanel.formatSize(int)		
1641997	1964	org.gjt.sp.jedit.options.GeneralOptionPane._init()	18	18
1642574	1575	org.gjt.sp.jedit.EditPane.propertiesChanged()	109	10
 	6065	org.gjt.sp.jedit.options.ViewOptionPane._init()	10	
 	6066	org.gjt.sp.jedit.options.ViewOptionPane._save()	23	
1645528	4261	org.gjt.sp.jedit.PerspectiveManager.PerspectiveHandler.skipRemote(String)	85	85
 	4262	org.gjt.sp.jedit.PerspectiveManager.PerspectiveHandler.endElement(String,String,String)	121	
 	1964	org.gjt.sp.jedit.options.GeneralOptionPane._init()	124	
 	1965	org.gjt.sp.jedit.options.GeneralOptionPane._save()	168	
1646058	2354	org.gjt.sp.jedit.search.HyperSearchResults.goToSelectedNode(int)	7	7
 	2355	org.gjt.sp.jedit.search.HyperSearchResults.removeSelectedNode()	10	
 	2365	org.gjt.sp.jedit.search.HyperSearchResults.KeyHandler.keyPressed(KeyEvent)	14	
 	2366	org.gjt.sp.jedit.search.HyperSearchResults.MouseHandler.mousePressed(MouseEvent)	29	
 	2369	org.gjt.sp.jedit.search.HyperSearchResults.RemoveTreeNodeAction.actionPerformed(ActionEvent)		
1649033	2031	org.gjt.sp.jedit.GUIUtilities.showVFSFileDialog(View,String,int,boolean)	45	29
 	2032	org.gjt.sp.jedit.GUIUtilities.showVFSFileDialog(Dialog,View,String,int,boolean)	41	
 	5914	org.gjt.sp.jedit.browser.VFSFileChooserDialog.VFSFileChooserDialog(View,String,int,boolean,boolean)	35	
 	5915	org.gjt.sp.jedit.browser.VFSFileChooserDialog.VFSFileChooserDialog(Dialog,View,String,int,boolean,boolean)	34	
 	5922	org.gjt.sp.jedit.browser.VFSFileChooserDialog.getDefaultTitle()	790	
 	5923	org.gjt.sp.jedit.browser.VFSFileChooserDialog._init(View,String,int,boolean,boolean)	66	
 	4788	org.gjt.sp.jedit.search.SearchDialog.MultiFileActionHandler.actionPerformed(ActionEvent)	29	
1654543	5703	org.gjt.sp.jedit.gui.VariableGridLayout.getLayoutSize(Container,LayoutSize)	702	702
1658252	4137	org.gjt.sp.jedit.syntax.ParserRule.createSequenceRule(int,String,ParserRuleSet,byte)	78	33
 	4139	org.gjt.sp.jedit.syntax.ParserRule.createRegexpSequenceRule(String,int,String,ParserRuleSet,byte,boolean)		
 	4140	org.gjt.sp.jedit.syntax.ParserRule.createRegexpSequenceRule(int,char[],String,ParserRuleSet,byte,boolean)		
 	-1	org.gjt.sp.jedit.syntax.ParserRule.createSpanRule(int,String,int,String,ParserRuleSet,byte,byte,boolean,boolean,boolean)		
 	-1	org.gjt.sp.jedit.syntax.ParserRule.createRegexpSpanRule(char,int,String,int,String,ParserRuleSet,byte,byte,boolean,boolean,boolean,boolean)		
 	-1	org.gjt.sp.jedit.syntax.ParserRule.createRegexpSpanRule(String,int,String,int,String,ParserRuleSet,byte,byte,boolean,boolean,boolean,boolean)		
 	-1	org.gjt.sp.jedit.syntax.ParserRule.createRegexpSpanRule(int,char[],String,int,String,ParserRuleSet,byte,byte,boolean,boolean,boolean,boolean)		
 	4144	org.gjt.sp.jedit.syntax.ParserRule.createEOLSpanRule(int,String,ParserRuleSet,byte,byte)	49	
 	4145	org.gjt.sp.jedit.syntax.ParserRule.createRegexpEOLSpanRule(char,int,String,ParserRuleSet,byte,byte,boolean)	93	
 	4146	org.gjt.sp.jedit.syntax.ParserRule.createRegexpEOLSpanRule(String,int,String,ParserRuleSet,byte,byte,boolean)	86	
 	4147	org.gjt.sp.jedit.syntax.ParserRule.createRegexpEOLSpanRule(int,char[],String,ParserRuleSet,byte,byte,boolean)	87	
 	4148	org.gjt.sp.jedit.syntax.ParserRule.createMarkFollowingRule(int,String,byte,byte)		
 	4149	org.gjt.sp.jedit.syntax.ParserRule.createMarkPreviousRule(int,String,byte,byte)	33	
 	4150	org.gjt.sp.jedit.syntax.ParserRule.createEscapeRule(String)	168	
 	4151	org.gjt.sp.jedit.syntax.ParserRule.toString()		
 	-1	org.gjt.sp.jedit.syntax.ParserRule.ParserRule(int,String,int,char[],Pattern,int,char[],ParserRuleSet,byte,byte)		
 	-1	org.gjt.sp.jedit.syntax.ParserRule.ParserRule(char[],int,int,char[],Pattern,int,char[],ParserRuleSet,byte,byte)		
 	5547	org.gjt.sp.jedit.syntax.TokenMarker.checkDelegateEnd(ParserRule)	251	
 	-1	org.gjt.sp.jedit.syntax.TokenMarker.handleRule(ParserRule,boolean,boolean)		
 	5553	org.gjt.sp.jedit.syntax.TokenMarker.matchToken(ParserRule,ParserRule,LineContext)	34	
 	6129	org.gjt.sp.jedit.syntax.XModeHandler.endElement(String,String,String)	193	
 	6139	org.gjt.sp.jedit.syntax.XModeHandler.TagDecl.TagDecl(String,Attributes)	104	
1659666	5494	org.gjt.sp.jedit.TextUtilities.getComplementaryBracket(char,boolean[])	17	17
 	5546	org.gjt.sp.jedit.syntax.TokenMarker.markTokens(LineContext,TokenHandler,Segment)	527	
 	5552	org.gjt.sp.jedit.syntax.TokenMarker.substitute(Matcher,char[])		
1663617	2731	org.gjt.sp.jedit.jEdit.openFile(View,String,String,boolean,Hashtable)	45	45
1664900	2399	org.gjt.sp.jedit.indent.IndentAction.Collapse.Collapse()	896	17
 	3667	org.gjt.sp.jedit.indent.OpenBracketIndentRule.apply(JEditBuffer,int,int,int,List<IndentAction>)	19	
 	3669	org.gjt.sp.jedit.indent.OpenBracketIndentRule.handleCollapse(List<IndentAction>,boolean)	17	
 	4580	org.gjt.sp.jedit.indent.RegexpIndentRule.apply(JEditBuffer,int,int,int,List<IndentAction>)	23	
1668893	3462	org.gjt.sp.jedit.MiscUtilities.autodetect(InputStream,Buffer)		8
 	750	org.gjt.sp.jedit.bufferio.BufferIORequest.write(Buffer,OutputStream)	8	
1671312	2324	org.gjt.sp.jedit.search.HyperSearchRequest.doHyperSearch(Buffer,int,int,DefaultMutableTreeNode)		1
 	4248	org.gjt.sp.jedit.search.PatternSearchMatcher.nextMatch(CharSequence,boolean,boolean,boolean,boolean)	1	
 	4724	org.gjt.sp.jedit.search.SearchAndReplace.getSearchMatcher()	75	
 	4730	org.gjt.sp.jedit.search.SearchAndReplace.find(View)	159	
 	4733	org.gjt.sp.jedit.search.SearchAndReplace.replace(View)	103	
 	4744	org.gjt.sp.jedit.search.SearchAndReplace._replace(View,JEditBuffer,SearchMatcher,int,int,boolean)	10	
1676041	5500	org.gjt.sp.jedit.TextUtilities.findWordStart(String,int,String,boolean,boolean)	8	1
 	5501	org.gjt.sp.jedit.TextUtilities.findWordStart(String,int,String,boolean,boolean,boolean)	1	
 	5506	org.gjt.sp.jedit.TextUtilities.findWordEnd(String,int,String,boolean,boolean)	9	
 	5507	org.gjt.sp.jedit.TextUtilities.findWordEnd(String,int,String,boolean,boolean,boolean)	2	
 	1527	org.gjt.sp.jedit.options.EditingOptionPane._init()	38	
 	1528	org.gjt.sp.jedit.options.EditingOptionPane._save()	247	
 	1529	org.gjt.sp.jedit.options.EditingOptionPane.saveMode()	26	
 	1530	org.gjt.sp.jedit.options.EditingOptionPane.selectMode()	30	
 	1531	org.gjt.sp.jedit.options.EditingOptionPane.updateEnabled()	54	
 	1535	org.gjt.sp.jedit.options.EditingOptionPane.ModeProperties.load()	24	
 	1536	org.gjt.sp.jedit.options.EditingOptionPane.ModeProperties.save()	81	
 	5185	org.gjt.sp.jedit.textarea.TextArea.selectWord()		
 	5238	org.gjt.sp.jedit.textarea.TextArea.goToNextWord(boolean,boolean)	16	
 	5245	org.gjt.sp.jedit.textarea.TextArea.goToPrevWord(boolean,boolean)	18	
 	5266	org.gjt.sp.jedit.textarea.TextArea.backspaceWord(boolean)		
 	5273	org.gjt.sp.jedit.textarea.TextArea.deleteWord(boolean)		
 	5405	org.gjt.sp.jedit.textarea.TextAreaMouseHandler.doDoubleClick()	20	
1687264	2355	org.gjt.sp.jedit.search.HyperSearchResults.removeSelectedNode()	50	50
1694133	345	org.gjt.sp.jedit.browser.BrowserView.ParentDirectoryList.processKeyEvent(KeyEvent)		18
 	5773	org.gjt.sp.jedit.browser.VFSBrowser.previousDirectory()		
 	5774	org.gjt.sp.jedit.browser.VFSBrowser.nextDirectory()		
 	5775	org.gjt.sp.jedit.browser.VFSBrowser.setDirectory(String)	61	
 	5841	org.gjt.sp.jedit.browser.VFSDirectoryEntryTable.processKeyEvent(KeyEvent)	18	
 	5934	org.gjt.sp.jedit.browser.VFSFileNameField.processKeyEvent(KeyEvent)	40	
1708876	3446	org.gjt.sp.jedit.MiscUtilities.getFileExtension(String)	153	153
1708881	5853	org.gjt.sp.jedit.browser.VFSDirectoryEntryTable.MouseHandler.mousePressed(MouseEvent)	5	5
1723506	3040	org.gjt.sp.jedit.textarea.JEditTextArea.showPopupMenu()	37	37
1724940	716	org.gjt.sp.jedit.textarea.BufferHandler.contentInserted(JEditBuffer,int,int,int,int)	94	44
 	719	org.gjt.sp.jedit.textarea.BufferHandler.contentRemoved(JEditBuffer,int,int,int,int)	44	
1730845	1573	org.gjt.sp.jedit.EditPane.EditPane(View,Buffer,BufferSet.Scope)		3
 	1575	org.gjt.sp.jedit.EditPane.propertiesChanged()	3	
 	2135	org.gjt.sp.jedit.options.GutterOptionPane._init()	4	
 	2136	org.gjt.sp.jedit.options.GutterOptionPane._save()	5	
 	2139	org.gjt.sp.jedit.options.GutterOptionPane.isGutterEnabled()	7	
 	2082	org.gjt.sp.jedit.textarea.Gutter.Gutter(TextArea)		
 	2091	org.gjt.sp.jedit.textarea.Gutter.setBorder(Border)	112	
 	2098	org.gjt.sp.jedit.textarea.Gutter.setFont(Font)	140	
 	2099	org.gjt.sp.jedit.textarea.Gutter.setGutterEnabled(boolean)	51	
 	2110	org.gjt.sp.jedit.textarea.Gutter.getPreferredSize()	44	
 	2125	org.gjt.sp.jedit.textarea.Gutter.setSelectionPopupHandler(GutterPopupHandler)		
 	2127	org.gjt.sp.jedit.textarea.Gutter.paintLine(Graphics2D,int,int)	45	
 	2130	org.gjt.sp.jedit.textarea.Gutter.MouseHandler.mousePressed(MouseEvent)	23	
 	2131	org.gjt.sp.jedit.textarea.Gutter.MouseHandler.mouseDragged(MouseEvent)	29	
 	2132	org.gjt.sp.jedit.textarea.Gutter.MouseHandler.getFoldEndOffset(int)	58	
 	2133	org.gjt.sp.jedit.textarea.Gutter.MouseHandler.mouseReleased(MouseEvent)	107	
1739675	6072	org.gjt.sp.jedit.indent.WhitespaceRule.apply(JEditBuffer,int,int,int,List<IndentAction>)	1183	1183
1744674	2301	org.gjt.sp.jedit.search.HyperSearchFileNode.getBuffer(View)	7	4
 	2302	org.gjt.sp.jedit.search.HyperSearchFileNode.goTo(EditPane)	47	
 	2325	org.gjt.sp.jedit.search.HyperSearchResult.getBuffer(View)	4	
 	2327	org.gjt.sp.jedit.search.HyperSearchResult.goTo(EditPane)	146	
 	2351	org.gjt.sp.jedit.search.HyperSearchResults.searchDone(DefaultMutableTreeNode)	52	
 	2354	org.gjt.sp.jedit.search.HyperSearchResults.goToSelectedNode(int)	16	
1747300	1575	org.gjt.sp.jedit.EditPane.propertiesChanged()	48	18
 	2135	org.gjt.sp.jedit.options.GutterOptionPane._init()	58	
 	2136	org.gjt.sp.jedit.options.GutterOptionPane._save()	47	
 	2138	org.gjt.sp.jedit.options.GutterOptionPane.addFoldStyleChooser()	18	
 	-1	org.gjt.sp.jedit.textarea.CircleFoldPainter.paintFoldEnd(Gutter,Graphics2D,int,int,int,int,JEditBuffer)		
 	-1	org.gjt.sp.jedit.textarea.CircleFoldPainter.paintFoldMiddle(Gutter,Graphics2D,int,int,int,int,JEditBuffer)		
 	-1	org.gjt.sp.jedit.textarea.CircleFoldPainter.paintFoldStart(Gutter,Graphics2D,int,int,boolean,int,int,JEditBuffer)		
 	-1	org.gjt.sp.jedit.textarea.Gutter.getFoldPainterName()		
 	-1	org.gjt.sp.jedit.textarea.Gutter.setFoldPainter(String)		
 	2082	org.gjt.sp.jedit.textarea.Gutter.Gutter(TextArea)		
 	2127	org.gjt.sp.jedit.textarea.Gutter.paintLine(Graphics2D,int,int)	54	
 	-1	org.gjt.sp.jedit.textarea.SquareFoldPainter.paintFoldEnd(Gutter,Graphics2D,int,int,int,int,JEditBuffer)		
 	-1	org.gjt.sp.jedit.textarea.SquareFoldPainter.paintFoldStart(Gutter,Graphics2D,int,int,boolean,int,int,JEditBuffer)		
 	-1	org.gjt.sp.jedit.textarea.SquareFoldPainter.paintFoldMiddle(Gutter,Graphics2D,int,int,int,int,JEditBuffer)		
 	5598	org.gjt.sp.jedit.textarea.TriangleFoldPainter.paintFoldStart(Gutter,Graphics2D,int,int,boolean,int,int,JEditBuffer)	123	
 	5599	org.gjt.sp.jedit.textarea.TriangleFoldPainter.paintFoldEnd(Gutter,Graphics2D,int,int,int,int,JEditBuffer)	49	
 	5600	org.gjt.sp.jedit.textarea.TriangleFoldPainter.paintFoldMiddle(Gutter,Graphics2D,int,int,int,int,JEditBuffer)	29	
1748509	2033	org.gjt.sp.jedit.GUIUtilities.showVFSFileDialog(Frame,View,String,int,boolean)	107	5
 	5916	org.gjt.sp.jedit.browser.VFSFileChooserDialog.VFSFileChooserDialog(Frame,View,String,int,boolean,boolean)	226	
 	2456	org.gjt.sp.jedit.pluginmgr.InstallPanel.InstallPanel(PluginManager,boolean)	135	
 	2457	org.gjt.sp.jedit.pluginmgr.InstallPanel.loadPluginSet(String)	5	
 	2476	org.gjt.sp.jedit.pluginmgr.InstallPanel.PluginTableModel.restoreSelection(Set<String>,Set<String>)	108	
 	2488	org.gjt.sp.jedit.pluginmgr.InstallPanel.StringMapHandler.StringMapHandler()	123	
 	2489	org.gjt.sp.jedit.pluginmgr.InstallPanel.StringMapHandler.startElement(String,String,String,Attributes)	156	
 	2490	org.gjt.sp.jedit.pluginmgr.InstallPanel.ChoosePluginSet.ChoosePluginSet()	10	
 	2491	org.gjt.sp.jedit.pluginmgr.InstallPanel.ChoosePluginSet.updateUI()	140	
 	2492	org.gjt.sp.jedit.pluginmgr.InstallPanel.ChoosePluginSet.actionPerformed(ActionEvent)		
 	2493	org.gjt.sp.jedit.pluginmgr.InstallPanel.ClearPluginSet.ClearPluginSet()	14	
 	2494	org.gjt.sp.jedit.pluginmgr.InstallPanel.ClearPluginSet.actionPerformed(ActionEvent)		
 	3328	org.gjt.sp.jedit.pluginmgr.ManagePanel.ManagePanel(PluginManager)	142	
 	3358	org.gjt.sp.jedit.pluginmgr.ManagePanel.SaveButton.SaveButton()	20	
 	-1	org.gjt.sp.jedit.pluginmgr.ManagePanel.SaveButton.saveState(String,StringList)		
 	3360	org.gjt.sp.jedit.pluginmgr.ManagePanel.SaveButton.actionPerformed(ActionEvent)	17	
1749475	4914	org.gjt.sp.jedit.options.ShortcutsOptionPane._init()	1	1
 	4916	org.gjt.sp.jedit.options.ShortcutsOptionPane.setFilter()	2	
 	4917	org.gjt.sp.jedit.options.ShortcutsOptionPane.initModels()	9	
 	4922	org.gjt.sp.jedit.options.ShortcutsOptionPane.TableMouseHandler.mouseClicked(MouseEvent)	11	
 	-1	org.gjt.sp.jedit.options.ShortcutsOptionPane.ShortcutsModel.ShortcutsModel(String,Vector<GrabKeyDialog.KeyBinding[]>)		
 	-1	org.gjt.sp.jedit.options.ShortcutsOptionPane.ShortcutsModel.resetFilter()		
 	-1	org.gjt.sp.jedit.options.ShortcutsOptionPane.ShortcutsModel.setFilter(String)		
 	4925	org.gjt.sp.jedit.options.ShortcutsOptionPane.ShortcutsModel.getBindings()	826	
 	4928	org.gjt.sp.jedit.options.ShortcutsOptionPane.ShortcutsModel.getRowCount()	929	
 	4929	org.gjt.sp.jedit.options.ShortcutsOptionPane.ShortcutsModel.getValueAt(int,int)	57	
 	4930	org.gjt.sp.jedit.options.ShortcutsOptionPane.ShortcutsModel.setValueAt(Object,int,int)		
 	-1	org.gjt.sp.jedit.options.ShortcutsOptionPane.ShortcutsModel.getFilteredBindingAt(int,int)		
1768638	608	org.gjt.sp.jedit.Buffer.save(View,String)		2
 	609	org.gjt.sp.jedit.Buffer.save(View,String,boolean)		
 	610	org.gjt.sp.jedit.Buffer.save(View,String,boolean,boolean)		
 	1622	org.gjt.sp.jedit.EditServer.handleClient(boolean,boolean,boolean,String,String[])		
 	6005	org.gjt.sp.jedit.View.setBuffer(Buffer)	33	
 	6006	org.gjt.sp.jedit.View.setBuffer(Buffer,boolean)	2	
 	6008	org.gjt.sp.jedit.View.goToBuffer(Buffer)		
 	6054	org.gjt.sp.jedit.View.WindowHandler.windowActivated(WindowEvent)	4	
 	1056	org.gjt.sp.jedit.gui.CloseDialog.ActionHandler.actionPerformed(ActionEvent)		
 	2688	org.gjt.sp.jedit.jEdit.getIntegerProperty(String)	523	
 	2727	org.gjt.sp.jedit.jEdit.openFiles(View,String,String[])		
 	2731	org.gjt.sp.jedit.jEdit.openFile(View,String,String,boolean,Hashtable)	15	
 	2747	org.gjt.sp.jedit.jEdit.saveAllBuffers(View,boolean)		
 	2759	org.gjt.sp.jedit.jEdit.checkBufferStatus(View)	7	
 	2760	org.gjt.sp.jedit.jEdit.checkBufferStatus(View,boolean)	5	
 	-1	org.gjt.sp.jedit.jEdit.finishStartup(boolean,boolean,String,String[])		
 	1964	org.gjt.sp.jedit.options.GeneralOptionPane._init()	3	
 	1965	org.gjt.sp.jedit.options.GeneralOptionPane._save()	64	
 	4732	org.gjt.sp.jedit.search.SearchAndReplace.find(View,Buffer,int,boolean,boolean)		
1781853	2456	org.gjt.sp.jedit.pluginmgr.InstallPanel.InstallPanel(PluginManager,boolean)	5	3
 	2471	org.gjt.sp.jedit.pluginmgr.InstallPanel.PluginTableModel.sort(int)	118	
 	2498	org.gjt.sp.jedit.pluginmgr.InstallPanel.EntryCompare.EntryCompare(int,int)	974	
 	-1	org.gjt.sp.jedit.pluginmgr.InstallPanel.EntryCompare.compare(Object,Object)		
 	2500	org.gjt.sp.jedit.pluginmgr.InstallPanel.HeaderMouseHandler.mouseClicked(MouseEvent)	3	
 	2506	org.gjt.sp.jedit.pluginmgr.InstallPanel.HeaderRenderer.HeaderRenderer(DefaultTableCellRenderer)	126	
 	2507	org.gjt.sp.jedit.pluginmgr.InstallPanel.HeaderRenderer.getTableCellRendererComponent(JTable,Object,boolean,boolean,int,int)	27	
1788847	682	org.gjt.sp.jedit.Buffer.editSyntaxStyle(JEditTextArea)	1	1
 	5062	org.gjt.sp.jedit.gui.StyleEditor.StyleEditor(JDialog,SyntaxStyle,String)	5	
 	5063	org.gjt.sp.jedit.gui.StyleEditor.StyleEditor(JFrame,SyntaxStyle,String)	6	
 	5064	org.gjt.sp.jedit.gui.StyleEditor.initialize(Component,SyntaxStyle,String)	21	
 	5065	org.gjt.sp.jedit.gui.StyleEditor.actionPerformed(ActionEvent)	158	
 	5066	org.gjt.sp.jedit.gui.StyleEditor.ok()	864	
 	5067	org.gjt.sp.jedit.gui.StyleEditor.cancel()	1041	
 	5068	org.gjt.sp.jedit.gui.StyleEditor.getStyle()	18	
 	5074	org.gjt.sp.jedit.options.SyntaxHiliteOptionPane.MouseHandler.mouseClicked(MouseEvent)		
1789707	1632	org.gjt.sp.jedit.io.EncodingServer.hasEncoding(String)		3
 	6120	org.gjt.sp.jedit.io.XMLEncodingDetector.getXMLEncoding(String)	3	
1818140	2265	org.gjt.sp.jedit.gui.HistoryText.showPopupMenu(String,int,int)	12	5
 	3229	org.gjt.sp.jedit.gui.ListModelEditor.open(DefaultListModel)	8	
 	3230	org.gjt.sp.jedit.gui.ListModelEditor.createTableModel(DefaultListModel)	6	
 	3231	org.gjt.sp.jedit.gui.ListModelEditor.updatelistModel(DefaultListModel,DefaultTableModel)	5	
1825720	692	org.gjt.sp.jedit.bufferio.BufferAutosaveRequest.run()	6	6
1834620	4748	org.gjt.sp.jedit.search.SearchAndReplace.regexpReplace(SearchMatcher.Match,String)	9	9
1854542	631	org.gjt.sp.jedit.Buffer.setDirty(boolean)	624	9
 	5755	org.gjt.sp.jedit.browser.VFSBrowser.VFSBrowser(View,String,int,boolean,String)	9	
1866836	1125	org.gjt.sp.jedit.gui.CompleteWord.completeWord(View)	10	6
 	1140	org.gjt.sp.jedit.gui.CompleteWord.Words.complete(int)	6	
1869978	2816	org.gjt.sp.jedit.jEdit.addBufferToList(Buffer)	68	68
1883809	5219	org.gjt.sp.jedit.textarea.TextArea.centerCaret()	14	14
1887293	6040	org.gjt.sp.jedit.View.loadToolBars()	1	1
 	4751	org.gjt.sp.jedit.search.SearchBar.SearchBar(View,boolean)	25	
 	4755	org.gjt.sp.jedit.search.SearchBar.propertiesChanged()		
 	4756	org.gjt.sp.jedit.search.SearchBar.find(boolean)	4	
 	4759	org.gjt.sp.jedit.search.SearchBar.setCloseButtonVisibility()	112	
 	4764	org.gjt.sp.jedit.search.SearchBar.KeyHandler.keyPressed(KeyEvent)	43	
1894235	6040	org.gjt.sp.jedit.View.loadToolBars()	1	1
 	4751	org.gjt.sp.jedit.search.SearchBar.SearchBar(View,boolean)	16	
 	4755	org.gjt.sp.jedit.search.SearchBar.propertiesChanged()	11	
 	4756	org.gjt.sp.jedit.search.SearchBar.find(boolean)	3	
 	4759	org.gjt.sp.jedit.search.SearchBar.setCloseButtonVisibility()	68	
 	4764	org.gjt.sp.jedit.search.SearchBar.KeyHandler.keyPressed(KeyEvent)	38	
1906288	169	org.gjt.sp.jedit.textarea.Anchor.preContentRemoved(int,int,int)	50	50
1910061	5219	org.gjt.sp.jedit.textarea.TextArea.centerCaret()	9	9
 	-1	org.gjt.sp.jedit.textarea.TextArea.scrollToCurrent()		
1912735	4837	org.gjt.sp.jedit.gui.statusbar.SelectionLengthWidgetFactory.getWidget(View)	302	22
 	4838	org.gjt.sp.jedit.gui.statusbar.SelectionLengthWidgetFactory.SelectionLengthWidget.SelectionLengthWidget(View)	22	
 	4839	org.gjt.sp.jedit.gui.statusbar.SelectionLengthWidgetFactory.SelectionLengthWidget.getComponent()	140	
 	4840	org.gjt.sp.jedit.gui.statusbar.SelectionLengthWidgetFactory.SelectionLengthWidget.update()	759	
 	4841	org.gjt.sp.jedit.gui.statusbar.SelectionLengthWidgetFactory.SelectionLengthWidget.propertiesChanged()	832	
 	4842	org.gjt.sp.jedit.gui.statusbar.SelectionLengthWidgetFactory.SelectionLengthWidget.handleMessage(EBMessage)		
 	4843	org.gjt.sp.jedit.gui.statusbar.SelectionLengthWidgetFactory.SelectionLengthWidget.SelectionLength.addNotify()	391	
 	4844	org.gjt.sp.jedit.gui.statusbar.SelectionLengthWidgetFactory.SelectionLengthWidget.SelectionLength.removeNotify()	385	
 	4845	org.gjt.sp.jedit.gui.statusbar.SelectionLengthWidgetFactory.SelectionLengthWidget.SelectionLength.caretUpdate(CaretEvent)	58	
1913979	4768	org.gjt.sp.jedit.search.SearchDialog.setSearchString(String,int)	132	132
1923613	4248	org.gjt.sp.jedit.search.PatternSearchMatcher.nextMatch(CharSequence,boolean,boolean,boolean,boolean)	3	3
 	4730	org.gjt.sp.jedit.search.SearchAndReplace.find(View)	19	
 	4732	org.gjt.sp.jedit.search.SearchAndReplace.find(View,Buffer,int,boolean,boolean)	12	
 	4756	org.gjt.sp.jedit.search.SearchBar.find(boolean)		
 	4780	org.gjt.sp.jedit.search.SearchDialog.updateEnabled()	13	
1931333	1145	org.gjt.sp.jedit.gui.CompleteWord.keyTyped(KeyEvent)	32	32
1936518	305	org.gjt.sp.jedit.browser.BrowserCommandsMenu.BrowserCommandsMenu(VFSBrowser,VFSFile[])	2	2
 	5781	org.gjt.sp.jedit.browser.VFSBrowser.rename(String,String)	174	
 	-1	org.gjt.sp.jedit.browser.VFSBrowser.fileProperties()		
 	-1	org.gjt.sp.jedit.gui.FilePropertiesDialog.FilePropertiesDialog(View,VFSBrowser)		
 	1821	org.gjt.sp.jedit.gui.FilePropertiesDialog.createAndShowGUI()	313	
 	1812	org.gjt.sp.jedit.gui.FilePropertiesDialog.addComponentsToPane()	255	
 	1813	org.gjt.sp.jedit.gui.FilePropertiesDialog.createNorthPanelAll()		
 	1814	org.gjt.sp.jedit.gui.FilePropertiesDialog.createCenterPanelAll()		
 	1815	org.gjt.sp.jedit.gui.FilePropertiesDialog.createSouthPanelAll()		
 	1816	org.gjt.sp.jedit.gui.FilePropertiesDialog.createNorthPanel()	289	
 	1817	org.gjt.sp.jedit.gui.FilePropertiesDialog.createCenterPanel()	63	
 	1818	org.gjt.sp.jedit.gui.FilePropertiesDialog.createSouthPanel()	307	
 	1819	org.gjt.sp.jedit.gui.FilePropertiesDialog.ok()	68	
 	1820	org.gjt.sp.jedit.gui.FilePropertiesDialog.cancel()	647	
 	1822	org.gjt.sp.jedit.gui.FilePropertiesDialog.ButtonActionHandler.actionPerformed(ActionEvent)	999	
1938174	1875	org.gjt.sp.jedit.gui.FilteredListModel.setFilter(String)	4	4
1942313	1262	org.gjt.sp.jedit.textarea.DisplayManager.expandFold(int,boolean)	5	5
1947676	2321	org.gjt.sp.jedit.search.HyperSearchRequest.run()	16	4
 	2347	org.gjt.sp.jedit.search.HyperSearchResults.searchStarted()	4	
 	2349	org.gjt.sp.jedit.search.HyperSearchResults.searchFailed()	29	
 	2350	org.gjt.sp.jedit.search.HyperSearchResults.searchDone(DefaultMutableTreeNode,DefaultMutableTreeNode)	32	
1961989	5576	org.gjt.sp.jedit.options.ToolBarOptionPane._init()	34	30
 	5579	org.gjt.sp.jedit.options.ToolBarOptionPane.reloadButtonList(String)	66	
 	5588	org.gjt.sp.jedit.options.ToolBarOptionPane.ActionHandler.actionPerformed(ActionEvent)	57	
 	65	org.gjt.sp.jedit.gui.AbstractContextOptionPane._init()	30	
 	70	org.gjt.sp.jedit.gui.AbstractContextOptionPane.reloadContextList(String)	33	
 	73	org.gjt.sp.jedit.gui.AbstractContextOptionPane.ActionHandler.actionPerformed(ActionEvent)	56	
1965114	5834	org.gjt.sp.jedit.browser.VFSDirectoryEntryTable.getSelectedFiles()	20	8
 	5841	org.gjt.sp.jedit.browser.VFSDirectoryEntryTable.processKeyEvent(KeyEvent)	8	
1984000	805	org.gjt.sp.jedit.bufferset.BufferSet.addBufferAt(Buffer,int)	19	19
1984974	6038	org.gjt.sp.jedit.View.propertiesChanged()	2	2
 	5027	org.gjt.sp.jedit.options.StatusBarOptionPane._init()	26	
 	5028	org.gjt.sp.jedit.options.StatusBarOptionPane._save()	36	
1999448	717	org.gjt.sp.jedit.textarea.BufferHandler.preContentInserted(JEditBuffer,int,int,int,int)	60	1
 	718	org.gjt.sp.jedit.textarea.BufferHandler.preContentRemoved(JEditBuffer,int,int,int,int)	46	
 	723	org.gjt.sp.jedit.textarea.BufferHandler.getReadyToBreakFold(int)	3	
 	5304	org.gjt.sp.jedit.textarea.TextArea.joinLines()	50	
 	1262	org.gjt.sp.jedit.textarea.DisplayManager.expandFold(int,boolean)	1	
2015210	189	org.gjt.sp.jedit.options.AppearanceOptionPane._init()	29	3
 	4688	org.gjt.sp.jedit.options.SaveBackupOptionPane._init()	3	
2017514	3560	org.gjt.sp.jedit.textarea.MouseHandler.mouseReleased(MouseEvent)	143	143
2060078	6045	org.gjt.sp.jedit.View.handleEditPaneUpdate(EditPaneUpdate)	101	101
 	6046	org.gjt.sp.jedit.View.closeDuplicateBuffers(EditPaneUpdate)		
2068307	1050	org.gjt.sp.jedit.gui.CloseDialog.CloseDialog(View)		29
 	2741	org.gjt.sp.jedit.jEdit.closeBuffer(View,Buffer)	29	
 	623	org.gjt.sp.jedit.Buffer.getPath(Boolean)	944	
 	668	org.gjt.sp.jedit.Buffer.toString()	155	
 	3438	org.gjt.sp.jedit.MiscUtilities.abbreviate(String)	1181	
 	3508	org.gjt.sp.jedit.MiscUtilities.VarCompressor.VarCompressor()		
 	3509	org.gjt.sp.jedit.MiscUtilities.VarCompressor.compress(String)	1380	
 	4688	org.gjt.sp.jedit.options.SaveBackupOptionPane._init()	32	
 	4689	org.gjt.sp.jedit.options.SaveBackupOptionPane._save()	58	
2069249	2324	org.gjt.sp.jedit.search.HyperSearchRequest.doHyperSearch(Buffer,int,int,DefaultMutableTreeNode)		3
 	4248	org.gjt.sp.jedit.search.PatternSearchMatcher.nextMatch(CharSequence,boolean,boolean,boolean,boolean)	3	
 	4730	org.gjt.sp.jedit.search.SearchAndReplace.find(View)	7	
 	4733	org.gjt.sp.jedit.search.SearchAndReplace.replace(View)	78	
 	4744	org.gjt.sp.jedit.search.SearchAndReplace._replace(View,JEditBuffer,SearchMatcher,int,int,boolean)	48	
2077326	631	org.gjt.sp.jedit.Buffer.setDirty(boolean)	2	2
 	678	org.gjt.sp.jedit.Buffer.calculateHash()	62	
 	680	org.gjt.sp.jedit.Buffer.finishLoading()	298	
 	4688	org.gjt.sp.jedit.options.SaveBackupOptionPane._init()	34	
 	4689	org.gjt.sp.jedit.options.SaveBackupOptionPane._save()	44	
2089713	631	org.gjt.sp.jedit.Buffer.setDirty(boolean)	4	4
2091052	831	org.gjt.sp.jedit.bufferset.BufferSetManager.handleMessage(EBMessage)	22	1
 	844	org.gjt.sp.jedit.bufferset.BufferSetManager.BufferSetClosed.BufferSetClosed(BufferSet)	59	
 	-1	org.gjt.sp.jedit.bufferset.BufferSetManager.BufferSetClosed.BufferSetClosed(View,BufferSet)		
 	-1	org.gjt.sp.jedit.bufferset.BufferSetManager.BufferSetClosed.BufferSetClosed(EditPane,BufferSet)		
 	-1	org.gjt.sp.jedit.bufferset.BufferSetManager.BufferSetClosed.init()		
 	845	org.gjt.sp.jedit.bufferset.BufferSetManager.BufferSetClosed.bufferAdded(Buffer,int)		
 	6030	org.gjt.sp.jedit.View.confirmToCloseDirty()	1	
 	6048	org.gjt.sp.jedit.View.getOpenBuffers()	45	
 	1050	org.gjt.sp.jedit.gui.CloseDialog.CloseDialog(View)		
 	1051	org.gjt.sp.jedit.gui.CloseDialog.CloseDialog(View,Collection<Buffer>)		
 	2820	org.gjt.sp.jedit.jEdit.closeView(View,boolean)	35	
2122926	1700	org.gjt.sp.jedit.gui.statusbar.ErrorsWidgetFactory.ErrorHighlight.ErrorHighlight(View)		1
 	1706	org.gjt.sp.jedit.gui.statusbar.ErrorsWidgetFactory.ErrorHighlight.MyMouseAdapter.MyMouseAdapter(View)		
 	1707	org.gjt.sp.jedit.gui.statusbar.ErrorsWidgetFactory.ErrorHighlight.MyMouseAdapter.mouseClicked(MouseEvent)	1	
2129419	1057	org.gjt.sp.jedit.gui.CloseDialog.ListHandler.valueChanged(ListSelectionEvent)	68	68
2169354	4748	org.gjt.sp.jedit.search.SearchAndReplace.regexpReplace(SearchMatcher.Match,String)	63	63
2173091	2324	org.gjt.sp.jedit.search.HyperSearchRequest.doHyperSearch(Buffer,int,int,DefaultMutableTreeNode)	8	5
 	4248	org.gjt.sp.jedit.search.PatternSearchMatcher.nextMatch(CharSequence,boolean,boolean,boolean,boolean)	5	
 	4730	org.gjt.sp.jedit.search.SearchAndReplace.find(View)	135	
 	4733	org.gjt.sp.jedit.search.SearchAndReplace.replace(View)	212	
 	4744	org.gjt.sp.jedit.search.SearchAndReplace._replace(View,JEditBuffer,SearchMatcher,int,int,boolean)	104	
2173112	2324	org.gjt.sp.jedit.search.HyperSearchRequest.doHyperSearch(Buffer,int,int,DefaultMutableTreeNode)	27	27
2183929	1568	org.gjt.sp.jedit.EditPane.bufferAdded(Buffer,int)	6	2
 	1571	org.gjt.sp.jedit.EditPane.bufferSetSorted()	2	
 	-1	org.gjt.sp.jedit.bufferset.BufferSet.BufferSet(Scope)		
 	-1	org.gjt.sp.jedit.bufferset.BufferSet.finalize()		
 	-1	org.gjt.sp.jedit.bufferset.BufferSet.handleMessage(PropertiesChanged)		
 	-1	org.gjt.sp.jedit.bufferset.BufferSet.handleMessage(EBMessage)		
 	805	org.gjt.sp.jedit.bufferset.BufferSet.addBufferAt(Buffer,int)	81	
 	826	org.gjt.sp.jedit.bufferset.BufferSetAdapter.bufferSetSorted()		
 	831	org.gjt.sp.jedit.bufferset.BufferSetManager.handleMessage(EBMessage)	42	
2199003	1322	org.gjt.sp.jedit.gui.DockableWindowFactory.getDockableWindowPluginClass(String)	10	1
 	1366	org.gjt.sp.jedit.gui.DockableWindowManager.getDockableWindowPluginName(String)	2	
 	1455	org.gjt.sp.jedit.options.DockingOptionPane._init()	17	
 	1457	org.gjt.sp.jedit.options.DockingOptionPane.createDockingOptionsPanel()	56	
 	1462	org.gjt.sp.jedit.options.WindowTableModel.WindowTableModel()	1	
 	1463	org.gjt.sp.jedit.options.WindowTableModel.getDockableSets()	4	
 	1464	org.gjt.sp.jedit.options.WindowTableModel.showSet(String)	39	
2218621	3436	org.gjt.sp.jedit.MiscUtilities.canonPath(String)	14	14
 	3440	org.gjt.sp.jedit.MiscUtilities.isAbsolutePath(String)	27	
2220025	5012	org.gjt.sp.jedit.gui.StatusBar.propertiesChanged()	113	75
 	5020	org.gjt.sp.jedit.gui.StatusBar.updateCaretStatus()	77	
 	5027	org.gjt.sp.jedit.options.StatusBarOptionPane._init()	75	
 	5028	org.gjt.sp.jedit.options.StatusBarOptionPane._save()	118	
2220033	5011	org.gjt.sp.jedit.gui.StatusBar.StatusBar(View)		62
 	5020	org.gjt.sp.jedit.gui.StatusBar.updateCaretStatus()	62	
 	5025	org.gjt.sp.jedit.gui.StatusBar.MouseHandler.mouseClicked(MouseEvent)		
 	5027	org.gjt.sp.jedit.options.StatusBarOptionPane._init()	79	
 	5028	org.gjt.sp.jedit.options.StatusBarOptionPane._save()	80	
2446121	2338	org.gjt.sp.jedit.search.HyperSearchResults.HyperSearchResults(View)	69	50
 	2340	org.gjt.sp.jedit.search.HyperSearchResults.addNotify()	103	
 	2352	org.gjt.sp.jedit.search.HyperSearchResults.updateHighlightStatus()	75	
 	2359	org.gjt.sp.jedit.search.HyperSearchResults.ActionHandler.actionPerformed(ActionEvent)		
 	2360	org.gjt.sp.jedit.search.HyperSearchResults.HighlightingTree.HighlightingTree(DefaultTreeModel)	87	
 	2361	org.gjt.sp.jedit.search.HyperSearchResults.HighlightingTree.convertValueToText(Object,boolean,boolean,boolean,int,boolean)	50	
 	-1	org.gjt.sp.jedit.search.HyperSearchResults.HighlightingTree.appendString2html(StringBuffer,String)		
2555956	55	org.gjt.sp.jedit.gui.AboutDialog.AboutPanel.AboutPanel()	7	7
2569381	1129	org.gjt.sp.jedit.gui.CompleteWord.getVisibleBuffers()	36	14
 	1130	org.gjt.sp.jedit.gui.CompleteWord.getCompletions(Buffer,String,int)	14	
 	5418	org.gjt.sp.jedit.options.TextAreaOptionPane._init()	61	
 	5419	org.gjt.sp.jedit.options.TextAreaOptionPane._save()	384	
2596087	5154	org.gjt.sp.jedit.textarea.TextArea.scrollTo(int,int,boolean)	30	30
 	5324	org.gjt.sp.jedit.textarea.TextArea.recalculateVisibleLines()	34	
2646484	3014	org.gjt.sp.jedit.textarea.JEditTextArea.smartEnd(boolean)	22	1
 	5246	org.gjt.sp.jedit.textarea.TextArea.home(boolean)	71	
 	5247	org.gjt.sp.jedit.textarea.TextArea.end(boolean)	1	
 	5249	org.gjt.sp.jedit.textarea.TextArea.smartEnd(boolean)		
 	5252	org.gjt.sp.jedit.textarea.TextArea.goToEndOfCode(boolean)		
2668434	6027	org.gjt.sp.jedit.View.View(Buffer,ViewConfig)		9
 	6028	org.gjt.sp.jedit.View.updateFullScreenProps()	71	
 	6029	org.gjt.sp.jedit.View.toggleFullScreen()	9	
 	6038	org.gjt.sp.jedit.View.propertiesChanged()	47	
 	6065	org.gjt.sp.jedit.options.ViewOptionPane._init()	60	
 	6066	org.gjt.sp.jedit.options.ViewOptionPane._save()	79	
2688862	2319	org.gjt.sp.jedit.search.HyperSearchOperationNode.getSearchString()	8	6
 	2318	org.gjt.sp.jedit.search.HyperSearchOperationNode.getSearchMatcher()	22	
 	2321	org.gjt.sp.jedit.search.HyperSearchRequest.run()	16	
 	2382	org.gjt.sp.jedit.search.HyperSearchResults.RedoSearchAction.actionPerformed(ActionEvent)	6	
2696564	1573	org.gjt.sp.jedit.EditPane.EditPane(View,Buffer,BufferSet.Scope)		3
 	1575	org.gjt.sp.jedit.EditPane.propertiesChanged()	3	
 	2135	org.gjt.sp.jedit.options.GutterOptionPane._init()	8	
 	2136	org.gjt.sp.jedit.options.GutterOptionPane._save()	6	
 	2139	org.gjt.sp.jedit.options.GutterOptionPane.isGutterEnabled()	9	
 	2082	org.gjt.sp.jedit.textarea.Gutter.Gutter(TextArea)		
 	2091	org.gjt.sp.jedit.textarea.Gutter.setBorder(Border)	95	
 	2098	org.gjt.sp.jedit.textarea.Gutter.setFont(Font)	138	
 	2099	org.gjt.sp.jedit.textarea.Gutter.setGutterEnabled(boolean)	38	
 	2110	org.gjt.sp.jedit.textarea.Gutter.getPreferredSize()	32	
 	2125	org.gjt.sp.jedit.textarea.Gutter.setSelectionPopupHandler(GutterPopupHandler)		
 	2127	org.gjt.sp.jedit.textarea.Gutter.paintLine(Graphics2D,int,int)	289	
 	2130	org.gjt.sp.jedit.textarea.Gutter.MouseHandler.mousePressed(MouseEvent)	53	
 	2131	org.gjt.sp.jedit.textarea.Gutter.MouseHandler.mouseDragged(MouseEvent)	189	
 	2132	org.gjt.sp.jedit.textarea.Gutter.MouseHandler.getFoldEndOffset(int)	497	
 	2133	org.gjt.sp.jedit.textarea.Gutter.MouseHandler.mouseReleased(MouseEvent)	332	
2744708	611	org.gjt.sp.jedit.Buffer.checkFileStatus(View)	14	5
 	631	org.gjt.sp.jedit.Buffer.setDirty(boolean)	5	
2759434	4990	org.gjt.sp.util.StandardUtilities.getIndentString(String)	128	128
2762745	3359	org.gjt.sp.jedit.pluginmgr.ManagePanel.SaveButton.saveState(String,List<Entry>)	112	112
 	2589	org.gjt.sp.util.IOUtilities.closeQuietly(OutputStream)	593	
 	2591	org.gjt.sp.util.IOUtilities.closeQuietly(Writer)	1394	
 	2592	org.gjt.sp.util.IOUtilities.closeQuietly(Closeable)	1392	
2777073	1573	org.gjt.sp.jedit.EditPane.EditPane(View,Buffer,BufferSet.Scope)		57
 	1575	org.gjt.sp.jedit.EditPane.propertiesChanged()	66	
 	2135	org.gjt.sp.jedit.options.GutterOptionPane._init()	57	
 	2136	org.gjt.sp.jedit.options.GutterOptionPane._save()	103	
 	2141	org.gjt.sp.jedit.options.GutterOptionPane.isSelectionAreaEnabled()	647	
 	2082	org.gjt.sp.jedit.textarea.Gutter.Gutter(TextArea)		
 	2091	org.gjt.sp.jedit.textarea.Gutter.setBorder(Border)	114	
 	-1	org.gjt.sp.jedit.textarea.Gutter.setSelectonAreaEnabled(boolean)		
 	-1	org.gjt.sp.jedit.textarea.Gutter.getLineCount()		
 	2097	org.gjt.sp.jedit.textarea.Gutter.dispose()		
 	2098	org.gjt.sp.jedit.textarea.Gutter.setFont(Font)	110	
 	5116	org.gjt.sp.jedit.textarea.TextArea.dispose()		
2781716	2361	org.gjt.sp.jedit.search.HyperSearchResults.HighlightingTree.convertValueToText(Object,boolean,boolean,boolean,int,boolean)	137	137
2814857	5308	org.gjt.sp.jedit.textarea.TextArea.removeNotify()	4	4
2823909	6028	org.gjt.sp.jedit.View.updateFullScreenProps()	6	6
2824045	6029	org.gjt.sp.jedit.View.toggleFullScreen()	11	11
2842444	2321	org.gjt.sp.jedit.search.HyperSearchRequest.run()	2	1
 	2338	org.gjt.sp.jedit.search.HyperSearchResults.HyperSearchResults(View)		
 	2347	org.gjt.sp.jedit.search.HyperSearchResults.searchStarted()	1	
 	2350	org.gjt.sp.jedit.search.HyperSearchResults.searchDone(DefaultMutableTreeNode,DefaultMutableTreeNode)		
 	2359	org.gjt.sp.jedit.search.HyperSearchResults.ActionHandler.actionPerformed(ActionEvent)	19	
2844750	2446	org.gjt.sp.jedit.textarea.InputMethodSupport.paintValidLine(Graphics2D,int,int,int,int,int)	127	33
 	2448	org.gjt.sp.jedit.textarea.InputMethodSupport.getLocationOffset(int,int)		
 	5475	org.gjt.sp.jedit.textarea.TextAreaPainter.PaintLineBackground.paintValidLine(Graphics2D,int,int,int,int,int)	69	
 	5480	org.gjt.sp.jedit.textarea.TextAreaPainter.PaintText.paintValidLine(Graphics2D,int,int,int,int,int)	33	
2846169	1930	org.gjt.sp.jedit.buffer.FoldHandler.getPrecedingFoldLevels(JEditBuffer,int,Segment,int)	18	14
 	2418	org.gjt.sp.jedit.buffer.IndentFoldHandler.getLeadingWhitespaceWidth(Segment,int)		
 	2419	org.gjt.sp.jedit.buffer.IndentFoldHandler.getFoldLevel(JEditBuffer,int,Segment)		
 	2420	org.gjt.sp.jedit.buffer.IndentFoldHandler.getPrecedingFoldLevels(JEditBuffer,int,Segment,int)		
 	2943	org.gjt.sp.jedit.buffer.JEditBuffer.getFoldLevel(int)	14	
2882702	2058	org.gjt.sp.jedit.GUIUtilities.getScreenBounds()	81	79
 	2060	org.gjt.sp.jedit.GUIUtilities.showPopupMenu(JPopupMenu,Component,int,int,boolean)	79	
 	6059	org.gjt.sp.jedit.View.isInsideScreen(View,Rectangle)		
2887515	52	org.gjt.sp.jedit.gui.AboutDialog.AboutDialog(View)	3	3
 	56	org.gjt.sp.jedit.gui.AboutDialog.AboutPanel.handleKeyEvent(KeyEvent)	4	
 	57	org.gjt.sp.jedit.gui.AboutDialog.AboutPanel.drain()	12	
2887516	2338	org.gjt.sp.jedit.search.HyperSearchResults.HyperSearchResults(View)	33	1
 	2367	org.gjt.sp.jedit.search.HyperSearchResults.MouseHandler.showPopupMenu(MouseEvent)	8	
 	2376	org.gjt.sp.jedit.search.HyperSearchResults.CopyToClipboardAction.CopyToClipboardAction()	1	
 	2377	org.gjt.sp.jedit.search.HyperSearchResults.CopyToClipboardAction.actionPerformed(ActionEvent)	23	
 	2378	org.gjt.sp.jedit.search.HyperSearchResults.ToStringNodes.processNode(DefaultMutableTreeNode)	7	
 	2390	org.gjt.sp.jedit.search.HyperSearchResults.ResultTreeTransferHandler.exportToClipboard(JComponent,Clipboard,int)		
2896464	2338	org.gjt.sp.jedit.search.HyperSearchResults.HyperSearchResults(View)	22	1
 	2367	org.gjt.sp.jedit.search.HyperSearchResults.MouseHandler.showPopupMenu(MouseEvent)	21	
 	2376	org.gjt.sp.jedit.search.HyperSearchResults.CopyToClipboardAction.CopyToClipboardAction()	1	
 	2377	org.gjt.sp.jedit.search.HyperSearchResults.CopyToClipboardAction.actionPerformed(ActionEvent)	51	
 	2378	org.gjt.sp.jedit.search.HyperSearchResults.ToStringNodes.processNode(DefaultMutableTreeNode)	10	
 	2390	org.gjt.sp.jedit.search.HyperSearchResults.ResultTreeTransferHandler.exportToClipboard(JComponent,Clipboard,int)	40	
2911122	2606	org.gjt.sp.jedit.JARClassLoader.getResource(String)	8	8
