FeatureID	GoldSet MethodID Position	GoldSetMethodID	VSM+Dyn GoldSetMethodID Rank - All Ranks	VSM+Dyn GoldSetMethodID Rank - Best Rank
950961	685	org.gjt.sp.jedit.buffer.BufferAdapter.preContentInserted(JEditBuffer,int,int,int,int)	131	7
 	705	org.gjt.sp.jedit.buffer.BufferChangeListener.Adapter.preContentInserted(JEditBuffer,int,int,int,int)		
 	2965	org.gjt.sp.jedit.buffer.JEditBuffer.fireFoldLevelChanged(int,int)	36	
 	2966	org.gjt.sp.jedit.buffer.JEditBuffer.fireContentInserted(int,int,int,int)	250	
 	2967	org.gjt.sp.jedit.buffer.JEditBuffer.fireContentRemoved(int,int,int,int)	245	
 	2968	org.gjt.sp.jedit.buffer.JEditBuffer.firePreContentInserted(int,int,int,int)	252	
 	2969	org.gjt.sp.jedit.buffer.JEditBuffer.firePreContentRemoved(int,int,int,int)	247	
 	2974	org.gjt.sp.jedit.buffer.JEditBuffer.fireTransactionComplete()	430	
 	2975	org.gjt.sp.jedit.buffer.JEditBuffer.fireFoldHandlerChanged()		
 	2976	org.gjt.sp.jedit.buffer.JEditBuffer.fireBufferLoaded()		
 	2979	org.gjt.sp.jedit.buffer.JEditBuffer.loadText(Segment,IntegerArray)		
 	2985	org.gjt.sp.jedit.buffer.JEditBuffer.contentInserted(int,int,IntegerArray)	178	
 	716	org.gjt.sp.jedit.textarea.BufferHandler.contentInserted(JEditBuffer,int,int,int,int)	41	
 	717	org.gjt.sp.jedit.textarea.BufferHandler.preContentInserted(JEditBuffer,int,int,int,int)	31	
 	718	org.gjt.sp.jedit.textarea.BufferHandler.preContentRemoved(JEditBuffer,int,int,int,int)	32	
 	723	org.gjt.sp.jedit.textarea.BufferHandler.getReadyToBreakFold(int)	7	
 	719	org.gjt.sp.jedit.textarea.BufferHandler.contentRemoved(JEditBuffer,int,int,int,int)	43	
 	4501	org.gjt.sp.jedit.textarea.RangeMap.RangeMap(RangeMap)		
 	4507	org.gjt.sp.jedit.textarea.RangeMap.put(int,int,int[])	242	
 	4514	org.gjt.sp.jedit.textarea.RangeMap.dump()	103	
981012	904	org.gjt.sp.jedit.syntax.Chunk.init(Segment,TabExpander,float,FontRenderContext)	84	84
1193683	717	org.gjt.sp.jedit.textarea.BufferHandler.preContentInserted(JEditBuffer,int,int,int,int)	45	15
 	718	org.gjt.sp.jedit.textarea.BufferHandler.preContentRemoved(JEditBuffer,int,int,int,int)	63	
 	723	org.gjt.sp.jedit.textarea.BufferHandler.getReadyToBreakFold(int)	15	
1292706	2043	org.gjt.sp.jedit.GUIUtilities.loadGeometry(Window,String)	187	45
 	2049	org.gjt.sp.jedit.GUIUtilities.saveGeometry(Window,String)	45	
1382388	3511	org.gjt.sp.jedit.Mode.Mode(String)		49
 	3520	org.gjt.sp.jedit.Mode.setProperties(Map)	476	
 	3526	org.gjt.sp.jedit.Mode.getIgnoreWhitespace()	1004	
 	3529	org.gjt.sp.jedit.Mode.initIndentRules()	211	
 	2887	org.gjt.sp.jedit.buffer.JEditBuffer.getPriorNonEmptyLine(int)	167	
 	2911	org.gjt.sp.jedit.buffer.JEditBuffer.isElectricKey(char)	393	
 	2415	org.gjt.sp.jedit.indent.IndentAction.NoIncrease.calculateIndent(JEditBuffer,int,int,int)	49	
 	2416	org.gjt.sp.jedit.indent.IndentAction.NoIncrease.keepChecking()	922	
 	6072	org.gjt.sp.jedit.indent.WhitespaceRule.apply(JEditBuffer,int,int,int,List<IndentAction>)	154	
1500938	4767	org.gjt.sp.jedit.search.SearchDialog.showSearchDialog(View,String,int)	7	3
 	4768	org.gjt.sp.jedit.search.SearchDialog.setSearchString(String,int)	3	
1520769	204	org.gjt.sp.jedit.Autosave.actionPerformed(ActionEvent)	4	2
 	620	org.gjt.sp.jedit.Buffer.removeAutosaveFile()		
 	4688	org.gjt.sp.jedit.options.SaveBackupOptionPane._init()	3	
 	4689	org.gjt.sp.jedit.options.SaveBackupOptionPane._save()	2	
1520774	3506	org.gjt.sp.jedit.MiscUtilities.getPathStart(String)	64	64
1533473	1555	org.gjt.sp.jedit.EditPane.saveCaretInfo()	129	54
 	1556	org.gjt.sp.jedit.EditPane.loadCaretInfo()	54	
1536064	2054	org.gjt.sp.jedit.GUIUtilities.requestFocus(Window,Component)	60	60
1538051	2776	org.gjt.sp.jedit.jEdit.showMemoryDialog(View)	2	2
 	5012	org.gjt.sp.jedit.gui.StatusBar.propertiesChanged()	377	
 	5015	org.gjt.sp.jedit.gui.StatusBar.statusUpdate(WorkThreadPool,int)	207	
 	5021	org.gjt.sp.jedit.gui.StatusBar.updateBufferStatus()	1204	
 	-1	org.gjt.sp.jedit.gui.StatusBar.MemoryStatus.getToolTipText()		
 	-1	org.gjt.sp.jedit.gui.StatusBar.MemoryStatus.paintComponent(Graphics)		
1538702	2042	org.gjt.sp.jedit.GUIUtilities.loadGeometry(Window,Container,String)	161	1
 	2043	org.gjt.sp.jedit.GUIUtilities.loadGeometry(Window,String)	179	
 	2049	org.gjt.sp.jedit.GUIUtilities.saveGeometry(Window,String)	206	
 	2050	org.gjt.sp.jedit.GUIUtilities.saveGeometry(Window,Container,String)	186	
 	-1	org.gjt.sp.jedit.GUIUtilities.addSizeSaver(Window,String)		
 	-1	org.gjt.sp.jedit.GUIUtilities.addSizeSaver(Window,Container,String)		
 	-1	org.gjt.sp.jedit.GUIUtilities.SizeSaver.SizeSaver(Window,String)		
 	-1	org.gjt.sp.jedit.GUIUtilities.SizeSaver.SizeSaver(Window,Container,String)		
 	2077	org.gjt.sp.jedit.GUIUtilities.SizeSaver.windowStateChanged(WindowEvent)		
 	2080	org.gjt.sp.jedit.GUIUtilities.SizeSaver.componentMoved(ComponentEvent)	513	
 	-1	org.gjt.sp.jedit.PluginJAR.load(boolean)		
 	4266	org.gjt.sp.jedit.PluginJAR.load(String,boolean)	24	
 	4268	org.gjt.sp.jedit.PluginJAR.findPlugin(String)		
 	4269	org.gjt.sp.jedit.PluginJAR.containsClass(String)		
 	-1	org.gjt.sp.jedit.PluginJAR.jarCompare(String,String)		
 	-1	org.gjt.sp.jedit.PluginJAR.loadDependencies(String)		
 	4278	org.gjt.sp.jedit.PluginJAR.checkDependencies()	2	
 	-1	org.gjt.sp.jedit.PluginJAR.transitiveClosure(Set<String>,Set<String>)		
 	4281	org.gjt.sp.jedit.PluginJAR.transitiveClosure(String[],List<String>)		
 	4282	org.gjt.sp.jedit.PluginJAR.getDependentPlugins()		
 	4285	org.gjt.sp.jedit.PluginJAR.activatePluginIfNecessary()	1	
 	4293	org.gjt.sp.jedit.PluginJAR.init()	43	
 	6027	org.gjt.sp.jedit.View.View(Buffer,ViewConfig)		
 	1694	org.gjt.sp.jedit.gui.ErrorListDialog.ActionHandler.actionPerformed(ActionEvent)		
 	-1	org.gjt.sp.jedit.gui.FloatingWindowContainer.register(DockableWindowManager.Entry)		
 	2707	org.gjt.sp.jedit.jEdit.getPlugin(String,boolean)	5	
 	2711	org.gjt.sp.jedit.jEdit.addPluginJAR(String)	15	
 	3328	org.gjt.sp.jedit.pluginmgr.ManagePanel.ManagePanel(PluginManager)	95	
 	-1	org.gjt.sp.jedit.pluginmgr.ManagePanel.PluginTableModel.toggleCurrentRow()		
 	3344	org.gjt.sp.jedit.pluginmgr.ManagePanel.PluginTableModel.setValueAt(Object,int,int)	82	
 	3348	org.gjt.sp.jedit.pluginmgr.ManagePanel.PluginTableModel.unloadPluginJARWithDialog(PluginJAR)		
 	3349	org.gjt.sp.jedit.pluginmgr.ManagePanel.PluginTableModel.unloadPluginJAR(PluginJAR)		
 	3368	org.gjt.sp.jedit.pluginmgr.ManagePanel.HelpButton.valueChanged(ListSelectionEvent)	93	
 	-1	org.gjt.sp.jedit.pluginmgr.ManagePanel.KeyHandler.keyTyped(KeyEvent)		
 	-1	org.gjt.sp.jedit.pluginmgr.ManagePanel.KeyHandler.keyPressed(KeyEvent)		
 	-1	org.gjt.sp.jedit.pluginmgr.ManagePanel.KeyHandler.keyReleased(KeyEvent)		
 	4352	org.gjt.sp.jedit.pluginmgr.PluginManager.showPluginManager(Frame)	26	
 	4356	org.gjt.sp.jedit.pluginmgr.PluginManager.PluginManager(Frame)	17	
 	-1	org.gjt.sp.jedit.pluginmgr.PluginManager.PluginManager()		
 	4357	org.gjt.sp.jedit.pluginmgr.PluginManager.init()	21	
 	4679	org.gjt.sp.jedit.pluginmgr.Roster.Remove.unloadPluginJAR(PluginJAR)		
1538743	5590	org.gjt.sp.jedit.options.ToolBarEditDialog.ToolBarEditDialog(Component,DefaultComboBoxModel,ToolBarOptionPane.Button)	17	3
 	5595	org.gjt.sp.jedit.options.ToolBarEditDialog.updateList()	3	
1541009	2324	org.gjt.sp.jedit.search.HyperSearchRequest.doHyperSearch(Buffer,int,int,DefaultMutableTreeNode)	40	10
 	4248	org.gjt.sp.jedit.search.PatternSearchMatcher.nextMatch(CharSequence,boolean,boolean,boolean,boolean)	67	
 	-1	org.gjt.sp.jedit.search.PatternSearchMatcher.isMatchingEOL()		
 	4730	org.gjt.sp.jedit.search.SearchAndReplace.find(View)		
 	4733	org.gjt.sp.jedit.search.SearchAndReplace.replace(View)	10	
 	4744	org.gjt.sp.jedit.search.SearchAndReplace._replace(View,JEditBuffer,SearchMatcher,int,int,boolean)	29	
 	-1	org.gjt.sp.jedit.search.SearchAndReplace._replace(View,Buffer,SearchMatcher,int,int,boolean)		
 	-1	org.gjt.sp.jedit.search.SearchAndReplace.replaceOne(View,Buffer,SearchMatcher.Match,int,String,boolean)		
 	-1	org.gjt.sp.jedit.search.SearchMatcher.isMatchingEOL()		
1541372	2130	org.gjt.sp.jedit.textarea.Gutter.MouseHandler.mousePressed(MouseEvent)	17	17
 	-1	org.gjt.sp.jedit.textarea.JEditTextArea.getSelectedText(Selection)		
 	-1	org.gjt.sp.jedit.textarea.JEditTextArea.collapseFold()		
 	-1	org.gjt.sp.jedit.textarea.JEditTextArea.collapseFold(int)		
1542026	2825	org.gjt.sp.jedit.jEdit.MyFocusManager.postProcessKeyEvent(KeyEvent)	442	442
1546200	4525	org.gjt.sp.jedit.menu.RecentFilesProvider.update(JMenu)	1	1
1548902	-1	org.gjt.sp.jedit.TextUtilities.join(Collection,String)		128
 	5500	org.gjt.sp.jedit.TextUtilities.findWordStart(String,int,String,boolean,boolean)		
 	5506	org.gjt.sp.jedit.TextUtilities.findWordEnd(String,int,String,boolean,boolean)		
 	5509	org.gjt.sp.jedit.TextUtilities.getCharType(char,String)		
 	5510	org.gjt.sp.jedit.TextUtilities.spacesToTabs(String,int)		
 	5511	org.gjt.sp.jedit.TextUtilities.tabsToSpaces(String,int)		
 	5512	org.gjt.sp.jedit.TextUtilities.format(String,int,int)	141	
 	5517	org.gjt.sp.jedit.TextUtilities.formatParagraph(String,int,int,StringBuilder)	436	
 	3022	org.gjt.sp.jedit.textarea.JEditTextArea.formatParagraph()	128	
1549282	605	org.gjt.sp.jedit.Buffer.insertFile(View,String)		96
 	609	org.gjt.sp.jedit.Buffer.save(View,String,boolean)	96	
 	638	org.gjt.sp.jedit.Buffer.getDefaultProperty(String)	820	
 	681	org.gjt.sp.jedit.Buffer.finishSaving(View,String,String,String,boolean,boolean)		
1560006	4767	org.gjt.sp.jedit.search.SearchDialog.showSearchDialog(View,String,int)	1	1
1560584	5354	org.gjt.sp.jedit.textarea.TextArea.addExplicitFold(int,int,int,int)	123	123
1565447	2302	org.gjt.sp.jedit.search.HyperSearchFileNode.goTo(EditPane)	457	3
 	2305	org.gjt.sp.jedit.search.HyperSearchFileNode.getCount()	53	
 	2306	org.gjt.sp.jedit.search.HyperSearchFileNode.setCount(int)	41	
 	2320	org.gjt.sp.jedit.search.HyperSearchRequest.HyperSearchRequest(View,SearchMatcher,HyperSearchResults,Selection[])	9	
 	2321	org.gjt.sp.jedit.search.HyperSearchRequest.run()	14	
 	2323	org.gjt.sp.jedit.search.HyperSearchRequest.doHyperSearch(Buffer,int,int)	3	
 	2388	org.gjt.sp.jedit.search.HyperSearchResults.ResultCellRenderer.getTreeCellRendererComponent(JTree,Object,boolean,boolean,boolean,int,boolean)	17	
 	2389	org.gjt.sp.jedit.search.HyperSearchResults.ResultCellRenderer.CountNodes.processNode(DefaultMutableTreeNode)	19	
1569735	6129	org.gjt.sp.jedit.syntax.XModeHandler.endElement(String,String,String)	44	44
1570554	5775	org.gjt.sp.jedit.browser.VFSBrowser.setDirectory(String)	23	23
 	5804	org.gjt.sp.jedit.browser.VFSBrowser.ActionHandler.actionPerformed(ActionEvent)		
 	5919	org.gjt.sp.jedit.browser.VFSFileChooserDialog.ok()	56	
1571629	5755	org.gjt.sp.jedit.browser.VFSBrowser.VFSBrowser(View,String,int,boolean,String)	3	3
 	5802	org.gjt.sp.jedit.browser.VFSBrowser.updateFilterEnabled()	4	
 	5804	org.gjt.sp.jedit.browser.VFSBrowser.ActionHandler.actionPerformed(ActionEvent)	8	
1571752	5260	org.gjt.sp.jedit.textarea.TextArea.userInput(char)		21
 	5354	org.gjt.sp.jedit.textarea.TextArea.addExplicitFold(int,int,int,int)	21	
1574587	-1	org.gjt.sp.jedit.buffer.JEditBuffer.getUndoManager()		1
 	2876	org.gjt.sp.jedit.buffer.JEditBuffer.setDirty(boolean)	11	
 	792	org.gjt.sp.jedit.bufferio.BufferSaveRequest.run()	29	
 	1527	org.gjt.sp.jedit.options.EditingOptionPane._init()	36	
 	1528	org.gjt.sp.jedit.options.EditingOptionPane._save()	1	
 	1964	org.gjt.sp.jedit.options.GeneralOptionPane._init()		
 	1965	org.gjt.sp.jedit.options.GeneralOptionPane._save()		
 	-1	org.gjt.sp.jedit.buffer.UndoManager.bufferSaved()		
 	5648	org.gjt.sp.jedit.buffer.UndoManager.resetClearDirty()	58	
1575505	5304	org.gjt.sp.jedit.textarea.TextArea.joinLines()	235	235
 	-1	org.gjt.sp.jedit.textarea.TextArea.joinLines(Selection)		
 	5356	org.gjt.sp.jedit.textarea.TextArea.joinLineAt(int)	362	
1576535	1556	org.gjt.sp.jedit.EditPane.loadCaretInfo()	69	69
1578785	4256	org.gjt.sp.jedit.PerspectiveManager.savePerspective(boolean)		10
 	4260	org.gjt.sp.jedit.PerspectiveManager.PerspectiveHandler.attribute(String,String)		
 	4262	org.gjt.sp.jedit.PerspectiveManager.PerspectiveHandler.endElement(String,String,String)		
 	614	org.gjt.sp.jedit.Buffer.getAutoReload()	26	
 	615	org.gjt.sp.jedit.Buffer.setAutoReload(boolean)	30	
 	616	org.gjt.sp.jedit.Buffer.getAutoReloadDialog()	10	
 	617	org.gjt.sp.jedit.Buffer.setAutoReloadDialog(boolean)	12	
 	-1	org.gjt.sp.jedit.Buffer.Buffer(String,boolean,boolean,Hashtable)		
 	770	org.gjt.sp.jedit.gui.BufferOptions.BufferOptions(View,Buffer)		
 	771	org.gjt.sp.jedit.gui.BufferOptions.ok()		
 	773	org.gjt.sp.jedit.gui.BufferOptions.ActionHandler.actionPerformed(ActionEvent)		
 	2759	org.gjt.sp.jedit.jEdit.checkBufferStatus(View)	77	
 	766	org.gjt.sp.jedit.options.BufferOptionPane.BufferOptionPane()		
 	767	org.gjt.sp.jedit.options.BufferOptionPane._init()		
 	768	org.gjt.sp.jedit.options.BufferOptionPane._save()		
 	769	org.gjt.sp.jedit.options.BufferOptionPane.ActionHandler.actionPerformed(ActionEvent)		
 	1964	org.gjt.sp.jedit.options.GeneralOptionPane._init()	31	
 	1965	org.gjt.sp.jedit.options.GeneralOptionPane._save()	24	
1584436	-1	org.gjt.sp.jedit.textarea.Anchor.preContentRemoved(int,int)		
1589360	5404	org.gjt.sp.jedit.textarea.TextAreaMouseHandler.doSingleClick(MouseEvent)	18	18
 	5409	org.gjt.sp.jedit.textarea.TextAreaMouseHandler.doSingleDrag(MouseEvent)	67	
1593359	2431	org.gjt.sp.jedit.gui.InputHandler.processKeyEvent(KeyEvent,int,boolean)	9	9
1593375	1870	org.gjt.sp.jedit.gui.FilteredListModel.FilteredListModel(E)	34	1
 	1871	org.gjt.sp.jedit.gui.FilteredListModel.setList(JList)	164	
 	1872	org.gjt.sp.jedit.gui.FilteredListModel.getDelegated()		
 	1873	org.gjt.sp.jedit.gui.FilteredListModel.setDelegated(E)		
 	1874	org.gjt.sp.jedit.gui.FilteredListModel.resetFilter()	4	
 	1875	org.gjt.sp.jedit.gui.FilteredListModel.setFilter(String)	19	
 	1876	org.gjt.sp.jedit.gui.FilteredListModel.prepareFilter(String)		
 	1877	org.gjt.sp.jedit.gui.FilteredListModel.saveSelection()	413	
 	1878	org.gjt.sp.jedit.gui.FilteredListModel.restoreSelection(Set<Integer>)	414	
 	1879	org.gjt.sp.jedit.gui.FilteredListModel.getTrueRow(int)	126	
 	1880	org.gjt.sp.jedit.gui.FilteredListModel.getInternal2ExternalRow(int)		
 	1881	org.gjt.sp.jedit.gui.FilteredListModel.getElementAt(int)	415	
 	1882	org.gjt.sp.jedit.gui.FilteredListModel.getSize()	21	
 	1883	org.gjt.sp.jedit.gui.FilteredListModel.contentsChanged(ListDataEvent)		
 	1884	org.gjt.sp.jedit.gui.FilteredListModel.intervalAdded(ListDataEvent)	5	
 	1885	org.gjt.sp.jedit.gui.FilteredListModel.intervalRemoved(ListDataEvent)		
 	3255	org.gjt.sp.jedit.gui.LogViewer.LogViewer()	2	
 	3261	org.gjt.sp.jedit.gui.LogViewer.setFilter()	1	
1593389	5779	org.gjt.sp.jedit.browser.VFSBrowser.delete(VFSFile[])	4	1
 	1847	org.gjt.sp.jedit.io.FileVFS.recursiveDelete(File)	1	
 	1861	org.gjt.sp.jedit.io.FileVFS._delete(Object,String,Component)	9	
1593464	1803	org.gjt.sp.jedit.browser.FileCellRenderer.getIconForFile(VFSFile,boolean,boolean)	5	2
 	1804	org.gjt.sp.jedit.browser.FileCellRenderer.propertiesChanged()	10	
 	1841	org.gjt.sp.jedit.io.FileVFS.getParentOfPath(String)	248	
 	1852	org.gjt.sp.jedit.io.FileVFS.LocalFile.getIcon(boolean,boolean)	3	
 	5882	org.gjt.sp.jedit.io.VFSFile.getIcon(boolean)	4	
 	5883	org.gjt.sp.jedit.io.VFSFile.getIcon(boolean,boolean)	6	
 	5884	org.gjt.sp.jedit.io.VFSFile.getDefaultIcon(boolean,boolean)	7	
 	5885	org.gjt.sp.jedit.io.VFSFile.getDefaultIcon(boolean)	2	
 	319	org.gjt.sp.jedit.options.BrowserOptionPane._init()	17	
 	320	org.gjt.sp.jedit.options.BrowserOptionPane._save()	35	
1593523	2314	org.gjt.sp.jedit.search.HyperSearchOperationNode.restoreFlatNodes(JTree,DefaultMutableTreeNode)	21	21
1593526	2355	org.gjt.sp.jedit.search.HyperSearchResults.removeSelectedNode()	44	44
1593543	642	org.gjt.sp.jedit.Buffer.setMode()	426	107
 	728	org.gjt.sp.jedit.BufferHistory.setEntry(String,int,Selection[],String,String)	717	
 	732	org.gjt.sp.jedit.BufferHistory.save()	118	
 	725	org.gjt.sp.jedit.BufferHistory.Entry.Entry(String,int,String,String,String)	1034	
 	740	org.gjt.sp.jedit.BufferHistory.RecentHandler.endElement(String,String,String)		
 	1555	org.gjt.sp.jedit.EditPane.saveCaretInfo()	402	
 	2743	org.gjt.sp.jedit.jEdit._closeBuffer(View,Buffer)	137	
 	2745	org.gjt.sp.jedit.jEdit.closeAllBuffers(View,boolean)	107	
 	-1	org.gjt.sp.jedit.jEdit.composeBufferPropsFromHistory(Hashtable,String)		
1593576	2903	org.gjt.sp.jedit.buffer.JEditBuffer.indentLine(int,boolean)	1	1
 	2906	org.gjt.sp.jedit.buffer.JEditBuffer.getIdealIndentForLine(int,int,int)	6	
 	2905	org.gjt.sp.jedit.buffer.JEditBuffer.getIdealIndentForLine(int)	11	
 	4997	org.gjt.sp.util.StandardUtilities.truncateWhiteSpace(int,int,String)	10	
1593735	3709	org.gjt.sp.jedit.gui.OptionsDialog.valueChanged(TreeSelectionEvent)	17	3
 	3710	org.gjt.sp.jedit.gui.OptionsDialog.init(String,String)	3	
 	-1	org.gjt.sp.jedit.gui.OptionsDialog.selectPane(OptionGroup,String,List)		
 	3716	org.gjt.sp.jedit.gui.OptionsDialog.PaneNameRenderer.getTreeCellRendererComponent(JTree,Object,boolean,boolean,boolean,int,boolean)	32	
1594234	3699	org.gjt.sp.jedit.OptionGroup.insertionSort(String,Object)		2
 	4751	org.gjt.sp.jedit.search.SearchBar.SearchBar(View,boolean)	2	
 	4757	org.gjt.sp.jedit.search.SearchBar.incrementalSearch(int,boolean)	3	
 	4758	org.gjt.sp.jedit.search.SearchBar.timerIncrementalSearch(int,boolean)	14	
1594910	637	org.gjt.sp.jedit.Buffer.propertiesChanged()		13
 	3527	org.gjt.sp.jedit.Mode.getIndentRules()	13	
 	3528	org.gjt.sp.jedit.Mode.isElectricKey(char)		
 	3529	org.gjt.sp.jedit.Mode.initIndentRules()	25	
 	3530	org.gjt.sp.jedit.Mode.createRegexpIndentRule(String)	19	
 	3531	org.gjt.sp.jedit.Mode.createBracketIndentRules(String,List<IndentRule>)	24	
 	2866	org.gjt.sp.jedit.buffer.JEditBuffer.JEditBuffer(Map)		
 	2867	org.gjt.sp.jedit.buffer.JEditBuffer.JEditBuffer()		
 	2905	org.gjt.sp.jedit.buffer.JEditBuffer.getIdealIndentForLine(int)	22	
 	2911	org.gjt.sp.jedit.buffer.JEditBuffer.isElectricKey(char)		
 	2912	org.gjt.sp.jedit.buffer.JEditBuffer.isElectricKey(char,int)		
 	2987	org.gjt.sp.jedit.buffer.JEditBuffer.getIndentRules(int)	16	
 	3020	org.gjt.sp.jedit.textarea.JEditTextArea.userInput(char)		
1599024	4639	org.gjt.sp.jedit.menu.ReloadWithEncodingProvider.updateEveryTime()		1
 	4640	org.gjt.sp.jedit.menu.ReloadWithEncodingProvider.update(JMenu)	3	
 	4641	org.gjt.sp.jedit.menu.ReloadWithEncodingProvider.actionPerformed(ActionEvent)	1	
1599709	2987	org.gjt.sp.jedit.buffer.JEditBuffer.getIndentRules(int)	406	406
1600401	5548	org.gjt.sp.jedit.syntax.TokenMarker.handleRule(ParserRule,boolean)	511	511
1601718	4724	org.gjt.sp.jedit.search.SearchAndReplace.getSearchMatcher()	27	22
 	4729	org.gjt.sp.jedit.search.SearchAndReplace.hyperSearch(View,boolean)		
 	4730	org.gjt.sp.jedit.search.SearchAndReplace.find(View)	67	
 	4733	org.gjt.sp.jedit.search.SearchAndReplace.replace(View)		
 	4735	org.gjt.sp.jedit.search.SearchAndReplace.replaceAll(View)	22	
 	4742	org.gjt.sp.jedit.search.SearchAndReplace.record(View,String,boolean,boolean)	30	
1608486	1576	org.gjt.sp.jedit.EditPane.initPainter(TextAreaPainter)	145	1
 	5418	org.gjt.sp.jedit.options.TextAreaOptionPane._init()	28	
 	5419	org.gjt.sp.jedit.options.TextAreaOptionPane._save()	82	
 	5440	org.gjt.sp.jedit.textarea.TextAreaPainter.isThickCaretEnabled()		
 	5441	org.gjt.sp.jedit.textarea.TextAreaPainter.setThickCaretEnabled(boolean)	1	
 	5481	org.gjt.sp.jedit.textarea.TextAreaPainter.PaintCaret.paintValidLine(Graphics2D,int,int,int,int,int)	10	
1608948	5825	org.gjt.sp.jedit.browser.VFSBrowser.HistoryComboBoxEditor.processFocusEvent(FocusEvent)	1	1
1611766	2987	org.gjt.sp.jedit.buffer.JEditBuffer.getIndentRules(int)	1	1
1617509	1975	org.gjt.sp.jedit.io.GlobVFSFileFilter.accept(VFSFile)	15	15
 	1979	org.gjt.sp.jedit.io.GlobVFSFileFilter.setGlob(String)	384	
1620694	722	org.gjt.sp.jedit.textarea.BufferHandler.delayUpdate(int,int)	669	31
 	5109	org.gjt.sp.jedit.textarea.TextArea.TextArea(IPropertyManager,InputHandlerProvider)		
 	5128	org.gjt.sp.jedit.textarea.TextArea.setBuffer(JEditBuffer)	71	
 	5317	org.gjt.sp.jedit.textarea.TextArea.propertiesChanged()	524	
 	5325	org.gjt.sp.jedit.textarea.TextArea.foldStructureChanged()		
 	5333	org.gjt.sp.jedit.textarea.TextArea.finishCaretUpdate(int,int,boolean)	31	
 	5420	org.gjt.sp.jedit.textarea.TextAreaPainter.setBounds(int,int,int,int)	42	
 	5468	org.gjt.sp.jedit.textarea.TextAreaPainter.paint(Graphics)	255	
1628053	1547	org.gjt.sp.jedit.EditPane.setBuffer(Buffer,boolean)	18	18
 	853	org.gjt.sp.jedit.gui.BufferSwitcher.updateBufferList()	22	
1630805	4137	org.gjt.sp.jedit.syntax.ParserRule.createSequenceRule(int,String,ParserRuleSet,byte)		170
 	4139	org.gjt.sp.jedit.syntax.ParserRule.createRegexpSequenceRule(String,int,String,ParserRuleSet,byte,boolean)		
 	4140	org.gjt.sp.jedit.syntax.ParserRule.createRegexpSequenceRule(int,char[],String,ParserRuleSet,byte,boolean)		
 	4150	org.gjt.sp.jedit.syntax.ParserRule.createEscapeRule(String)		
 	4151	org.gjt.sp.jedit.syntax.ParserRule.toString()		
 	5546	org.gjt.sp.jedit.syntax.TokenMarker.markTokens(LineContext,TokenHandler,Segment)	170	
 	5547	org.gjt.sp.jedit.syntax.TokenMarker.checkDelegateEnd(ParserRule)	311	
1638642	2068	org.gjt.sp.jedit.GUIUtilities.initContinuousLayout(JSplitPane)	1	1
 	-1	org.gjt.sp.jedit.GUIUtilities.SizeSaver.SizeSaver(Frame,String)		
 	5995	org.gjt.sp.jedit.View.split(int)	3	
 	6037	org.gjt.sp.jedit.View.restoreSplitConfig(Buffer,String)		
 	6038	org.gjt.sp.jedit.View.propertiesChanged()	20	
 	321	org.gjt.sp.jedit.browser.BrowserView.BrowserView(VFSBrowser)	31	
 	332	org.gjt.sp.jedit.browser.BrowserView.propertiesChanged()	2	
 	341	org.gjt.sp.jedit.browser.BrowserView.TableMouseHandler.mouseClicked(MouseEvent)		
 	3710	org.gjt.sp.jedit.gui.OptionsDialog.init(String,String)	15	
 	4620	org.gjt.sp.jedit.gui.RegisterViewer.RegisterViewer(View,String)		
 	4622	org.gjt.sp.jedit.gui.RegisterViewer.handleMessage(EBMessage)		
 	4627	org.gjt.sp.jedit.gui.RegisterViewer.refreshList()		
 	2212	org.gjt.sp.jedit.help.HelpViewer.HelpViewer(String)		
 	2217	org.gjt.sp.jedit.help.HelpViewer.handleMessage(EBMessage)		
 	189	org.gjt.sp.jedit.options.AppearanceOptionPane._init()	43	
 	190	org.gjt.sp.jedit.options.AppearanceOptionPane._save()	48	
 	2456	org.gjt.sp.jedit.pluginmgr.InstallPanel.InstallPanel(PluginManager,boolean)		
 	2460	org.gjt.sp.jedit.pluginmgr.InstallPanel.formatSize(int)		
1641997	1964	org.gjt.sp.jedit.options.GeneralOptionPane._init()	36	36
1642574	1575	org.gjt.sp.jedit.EditPane.propertiesChanged()	98	16
 	6065	org.gjt.sp.jedit.options.ViewOptionPane._init()	16	
 	6066	org.gjt.sp.jedit.options.ViewOptionPane._save()	29	
1645528	4261	org.gjt.sp.jedit.PerspectiveManager.PerspectiveHandler.skipRemote(String)	85	85
 	4262	org.gjt.sp.jedit.PerspectiveManager.PerspectiveHandler.endElement(String,String,String)	134	
 	1964	org.gjt.sp.jedit.options.GeneralOptionPane._init()	104	
 	1965	org.gjt.sp.jedit.options.GeneralOptionPane._save()	149	
1646058	2354	org.gjt.sp.jedit.search.HyperSearchResults.goToSelectedNode(int)	4	4
 	2355	org.gjt.sp.jedit.search.HyperSearchResults.removeSelectedNode()	9	
 	2365	org.gjt.sp.jedit.search.HyperSearchResults.KeyHandler.keyPressed(KeyEvent)	13	
 	2366	org.gjt.sp.jedit.search.HyperSearchResults.MouseHandler.mousePressed(MouseEvent)	33	
 	2369	org.gjt.sp.jedit.search.HyperSearchResults.RemoveTreeNodeAction.actionPerformed(ActionEvent)		
1649033	2031	org.gjt.sp.jedit.GUIUtilities.showVFSFileDialog(View,String,int,boolean)	38	16
 	2032	org.gjt.sp.jedit.GUIUtilities.showVFSFileDialog(Dialog,View,String,int,boolean)	35	
 	5914	org.gjt.sp.jedit.browser.VFSFileChooserDialog.VFSFileChooserDialog(View,String,int,boolean,boolean)	41	
 	5915	org.gjt.sp.jedit.browser.VFSFileChooserDialog.VFSFileChooserDialog(Dialog,View,String,int,boolean,boolean)	40	
 	5922	org.gjt.sp.jedit.browser.VFSFileChooserDialog.getDefaultTitle()	1290	
 	5923	org.gjt.sp.jedit.browser.VFSFileChooserDialog._init(View,String,int,boolean,boolean)	51	
 	4788	org.gjt.sp.jedit.search.SearchDialog.MultiFileActionHandler.actionPerformed(ActionEvent)	16	
1654543	5703	org.gjt.sp.jedit.gui.VariableGridLayout.getLayoutSize(Container,LayoutSize)	732	732
1658252	4137	org.gjt.sp.jedit.syntax.ParserRule.createSequenceRule(int,String,ParserRuleSet,byte)	132	89
 	4139	org.gjt.sp.jedit.syntax.ParserRule.createRegexpSequenceRule(String,int,String,ParserRuleSet,byte,boolean)		
 	4140	org.gjt.sp.jedit.syntax.ParserRule.createRegexpSequenceRule(int,char[],String,ParserRuleSet,byte,boolean)		
 	-1	org.gjt.sp.jedit.syntax.ParserRule.createSpanRule(int,String,int,String,ParserRuleSet,byte,byte,boolean,boolean,boolean)		
 	-1	org.gjt.sp.jedit.syntax.ParserRule.createRegexpSpanRule(char,int,String,int,String,ParserRuleSet,byte,byte,boolean,boolean,boolean,boolean)		
 	-1	org.gjt.sp.jedit.syntax.ParserRule.createRegexpSpanRule(String,int,String,int,String,ParserRuleSet,byte,byte,boolean,boolean,boolean,boolean)		
 	-1	org.gjt.sp.jedit.syntax.ParserRule.createRegexpSpanRule(int,char[],String,int,String,ParserRuleSet,byte,byte,boolean,boolean,boolean,boolean)		
 	4144	org.gjt.sp.jedit.syntax.ParserRule.createEOLSpanRule(int,String,ParserRuleSet,byte,byte)	98	
 	4145	org.gjt.sp.jedit.syntax.ParserRule.createRegexpEOLSpanRule(char,int,String,ParserRuleSet,byte,byte,boolean)	136	
 	4146	org.gjt.sp.jedit.syntax.ParserRule.createRegexpEOLSpanRule(String,int,String,ParserRuleSet,byte,byte,boolean)	110	
 	4147	org.gjt.sp.jedit.syntax.ParserRule.createRegexpEOLSpanRule(int,char[],String,ParserRuleSet,byte,byte,boolean)	112	
 	4148	org.gjt.sp.jedit.syntax.ParserRule.createMarkFollowingRule(int,String,byte,byte)		
 	4149	org.gjt.sp.jedit.syntax.ParserRule.createMarkPreviousRule(int,String,byte,byte)	96	
 	4150	org.gjt.sp.jedit.syntax.ParserRule.createEscapeRule(String)	233	
 	4151	org.gjt.sp.jedit.syntax.ParserRule.toString()		
 	-1	org.gjt.sp.jedit.syntax.ParserRule.ParserRule(int,String,int,char[],Pattern,int,char[],ParserRuleSet,byte,byte)		
 	-1	org.gjt.sp.jedit.syntax.ParserRule.ParserRule(char[],int,int,char[],Pattern,int,char[],ParserRuleSet,byte,byte)		
 	5547	org.gjt.sp.jedit.syntax.TokenMarker.checkDelegateEnd(ParserRule)	209	
 	-1	org.gjt.sp.jedit.syntax.TokenMarker.handleRule(ParserRule,boolean,boolean)		
 	5553	org.gjt.sp.jedit.syntax.TokenMarker.matchToken(ParserRule,ParserRule,LineContext)	89	
 	6129	org.gjt.sp.jedit.syntax.XModeHandler.endElement(String,String,String)	220	
 	6139	org.gjt.sp.jedit.syntax.XModeHandler.TagDecl.TagDecl(String,Attributes)	135	
1659666	5494	org.gjt.sp.jedit.TextUtilities.getComplementaryBracket(char,boolean[])	149	149
 	5546	org.gjt.sp.jedit.syntax.TokenMarker.markTokens(LineContext,TokenHandler,Segment)	209	
 	5552	org.gjt.sp.jedit.syntax.TokenMarker.substitute(Matcher,char[])		
1663617	2731	org.gjt.sp.jedit.jEdit.openFile(View,String,String,boolean,Hashtable)	16	16
1664900	2399	org.gjt.sp.jedit.indent.IndentAction.Collapse.Collapse()	888	36
 	3667	org.gjt.sp.jedit.indent.OpenBracketIndentRule.apply(JEditBuffer,int,int,int,List<IndentAction>)	36	
 	3669	org.gjt.sp.jedit.indent.OpenBracketIndentRule.handleCollapse(List<IndentAction>,boolean)	49	
 	4580	org.gjt.sp.jedit.indent.RegexpIndentRule.apply(JEditBuffer,int,int,int,List<IndentAction>)	56	
1668893	3462	org.gjt.sp.jedit.MiscUtilities.autodetect(InputStream,Buffer)		21
 	750	org.gjt.sp.jedit.bufferio.BufferIORequest.write(Buffer,OutputStream)	21	
1671312	2324	org.gjt.sp.jedit.search.HyperSearchRequest.doHyperSearch(Buffer,int,int,DefaultMutableTreeNode)		19
 	4248	org.gjt.sp.jedit.search.PatternSearchMatcher.nextMatch(CharSequence,boolean,boolean,boolean,boolean)	19	
 	4724	org.gjt.sp.jedit.search.SearchAndReplace.getSearchMatcher()	130	
 	4730	org.gjt.sp.jedit.search.SearchAndReplace.find(View)	184	
 	4733	org.gjt.sp.jedit.search.SearchAndReplace.replace(View)	133	
 	4744	org.gjt.sp.jedit.search.SearchAndReplace._replace(View,JEditBuffer,SearchMatcher,int,int,boolean)	33	
1676041	5500	org.gjt.sp.jedit.TextUtilities.findWordStart(String,int,String,boolean,boolean)	13	1
 	5501	org.gjt.sp.jedit.TextUtilities.findWordStart(String,int,String,boolean,boolean,boolean)	1	
 	5506	org.gjt.sp.jedit.TextUtilities.findWordEnd(String,int,String,boolean,boolean)	14	
 	5507	org.gjt.sp.jedit.TextUtilities.findWordEnd(String,int,String,boolean,boolean,boolean)	2	
 	1527	org.gjt.sp.jedit.options.EditingOptionPane._init()	25	
 	1528	org.gjt.sp.jedit.options.EditingOptionPane._save()	245	
 	1529	org.gjt.sp.jedit.options.EditingOptionPane.saveMode()	43	
 	1530	org.gjt.sp.jedit.options.EditingOptionPane.selectMode()	38	
 	1531	org.gjt.sp.jedit.options.EditingOptionPane.updateEnabled()	60	
 	1535	org.gjt.sp.jedit.options.EditingOptionPane.ModeProperties.load()	31	
 	1536	org.gjt.sp.jedit.options.EditingOptionPane.ModeProperties.save()	76	
 	5185	org.gjt.sp.jedit.textarea.TextArea.selectWord()		
 	5238	org.gjt.sp.jedit.textarea.TextArea.goToNextWord(boolean,boolean)	5	
 	5245	org.gjt.sp.jedit.textarea.TextArea.goToPrevWord(boolean,boolean)	6	
 	5266	org.gjt.sp.jedit.textarea.TextArea.backspaceWord(boolean)		
 	5273	org.gjt.sp.jedit.textarea.TextArea.deleteWord(boolean)		
 	5405	org.gjt.sp.jedit.textarea.TextAreaMouseHandler.doDoubleClick()	20	
1687264	2355	org.gjt.sp.jedit.search.HyperSearchResults.removeSelectedNode()	46	46
1694133	345	org.gjt.sp.jedit.browser.BrowserView.ParentDirectoryList.processKeyEvent(KeyEvent)		34
 	5773	org.gjt.sp.jedit.browser.VFSBrowser.previousDirectory()		
 	5774	org.gjt.sp.jedit.browser.VFSBrowser.nextDirectory()		
 	5775	org.gjt.sp.jedit.browser.VFSBrowser.setDirectory(String)	53	
 	5841	org.gjt.sp.jedit.browser.VFSDirectoryEntryTable.processKeyEvent(KeyEvent)	34	
 	5934	org.gjt.sp.jedit.browser.VFSFileNameField.processKeyEvent(KeyEvent)	49	
1708876	3446	org.gjt.sp.jedit.MiscUtilities.getFileExtension(String)	109	109
1708881	5853	org.gjt.sp.jedit.browser.VFSDirectoryEntryTable.MouseHandler.mousePressed(MouseEvent)	6	6
1723506	3040	org.gjt.sp.jedit.textarea.JEditTextArea.showPopupMenu()	39	39
1724940	716	org.gjt.sp.jedit.textarea.BufferHandler.contentInserted(JEditBuffer,int,int,int,int)	70	27
 	719	org.gjt.sp.jedit.textarea.BufferHandler.contentRemoved(JEditBuffer,int,int,int,int)	27	
1730845	1573	org.gjt.sp.jedit.EditPane.EditPane(View,Buffer,BufferSet.Scope)		3
 	1575	org.gjt.sp.jedit.EditPane.propertiesChanged()	5	
 	2135	org.gjt.sp.jedit.options.GutterOptionPane._init()	8	
 	2136	org.gjt.sp.jedit.options.GutterOptionPane._save()	3	
 	2139	org.gjt.sp.jedit.options.GutterOptionPane.isGutterEnabled()	34	
 	2082	org.gjt.sp.jedit.textarea.Gutter.Gutter(TextArea)		
 	2091	org.gjt.sp.jedit.textarea.Gutter.setBorder(Border)	144	
 	2098	org.gjt.sp.jedit.textarea.Gutter.setFont(Font)	159	
 	2099	org.gjt.sp.jedit.textarea.Gutter.setGutterEnabled(boolean)	140	
 	2110	org.gjt.sp.jedit.textarea.Gutter.getPreferredSize()	141	
 	2125	org.gjt.sp.jedit.textarea.Gutter.setSelectionPopupHandler(GutterPopupHandler)		
 	2127	org.gjt.sp.jedit.textarea.Gutter.paintLine(Graphics2D,int,int)	48	
 	2130	org.gjt.sp.jedit.textarea.Gutter.MouseHandler.mousePressed(MouseEvent)	31	
 	2131	org.gjt.sp.jedit.textarea.Gutter.MouseHandler.mouseDragged(MouseEvent)	54	
 	2132	org.gjt.sp.jedit.textarea.Gutter.MouseHandler.getFoldEndOffset(int)	21	
 	2133	org.gjt.sp.jedit.textarea.Gutter.MouseHandler.mouseReleased(MouseEvent)	143	
1739675	6072	org.gjt.sp.jedit.indent.WhitespaceRule.apply(JEditBuffer,int,int,int,List<IndentAction>)	1441	1441
1744674	2301	org.gjt.sp.jedit.search.HyperSearchFileNode.getBuffer(View)	2	1
 	2302	org.gjt.sp.jedit.search.HyperSearchFileNode.goTo(EditPane)	17	
 	2325	org.gjt.sp.jedit.search.HyperSearchResult.getBuffer(View)	1	
 	2327	org.gjt.sp.jedit.search.HyperSearchResult.goTo(EditPane)	78	
 	2351	org.gjt.sp.jedit.search.HyperSearchResults.searchDone(DefaultMutableTreeNode)	97	
 	2354	org.gjt.sp.jedit.search.HyperSearchResults.goToSelectedNode(int)	20	
1747300	1575	org.gjt.sp.jedit.EditPane.propertiesChanged()	61	20
 	2135	org.gjt.sp.jedit.options.GutterOptionPane._init()	59	
 	2136	org.gjt.sp.jedit.options.GutterOptionPane._save()	43	
 	2138	org.gjt.sp.jedit.options.GutterOptionPane.addFoldStyleChooser()	20	
 	-1	org.gjt.sp.jedit.textarea.CircleFoldPainter.paintFoldEnd(Gutter,Graphics2D,int,int,int,int,JEditBuffer)		
 	-1	org.gjt.sp.jedit.textarea.CircleFoldPainter.paintFoldMiddle(Gutter,Graphics2D,int,int,int,int,JEditBuffer)		
 	-1	org.gjt.sp.jedit.textarea.CircleFoldPainter.paintFoldStart(Gutter,Graphics2D,int,int,boolean,int,int,JEditBuffer)		
 	-1	org.gjt.sp.jedit.textarea.Gutter.getFoldPainterName()		
 	-1	org.gjt.sp.jedit.textarea.Gutter.setFoldPainter(String)		
 	2082	org.gjt.sp.jedit.textarea.Gutter.Gutter(TextArea)		
 	2127	org.gjt.sp.jedit.textarea.Gutter.paintLine(Graphics2D,int,int)	60	
 	-1	org.gjt.sp.jedit.textarea.SquareFoldPainter.paintFoldEnd(Gutter,Graphics2D,int,int,int,int,JEditBuffer)		
 	-1	org.gjt.sp.jedit.textarea.SquareFoldPainter.paintFoldStart(Gutter,Graphics2D,int,int,boolean,int,int,JEditBuffer)		
 	-1	org.gjt.sp.jedit.textarea.SquareFoldPainter.paintFoldMiddle(Gutter,Graphics2D,int,int,int,int,JEditBuffer)		
 	5598	org.gjt.sp.jedit.textarea.TriangleFoldPainter.paintFoldStart(Gutter,Graphics2D,int,int,boolean,int,int,JEditBuffer)	169	
 	5599	org.gjt.sp.jedit.textarea.TriangleFoldPainter.paintFoldEnd(Gutter,Graphics2D,int,int,int,int,JEditBuffer)	62	
 	5600	org.gjt.sp.jedit.textarea.TriangleFoldPainter.paintFoldMiddle(Gutter,Graphics2D,int,int,int,int,JEditBuffer)	39	
1748509	2033	org.gjt.sp.jedit.GUIUtilities.showVFSFileDialog(Frame,View,String,int,boolean)	84	5
 	5916	org.gjt.sp.jedit.browser.VFSFileChooserDialog.VFSFileChooserDialog(Frame,View,String,int,boolean,boolean)	233	
 	2456	org.gjt.sp.jedit.pluginmgr.InstallPanel.InstallPanel(PluginManager,boolean)	154	
 	2457	org.gjt.sp.jedit.pluginmgr.InstallPanel.loadPluginSet(String)	5	
 	2476	org.gjt.sp.jedit.pluginmgr.InstallPanel.PluginTableModel.restoreSelection(Set<String>,Set<String>)	119	
 	2488	org.gjt.sp.jedit.pluginmgr.InstallPanel.StringMapHandler.StringMapHandler()	129	
 	2489	org.gjt.sp.jedit.pluginmgr.InstallPanel.StringMapHandler.startElement(String,String,String,Attributes)	197	
 	2490	org.gjt.sp.jedit.pluginmgr.InstallPanel.ChoosePluginSet.ChoosePluginSet()	21	
 	2491	org.gjt.sp.jedit.pluginmgr.InstallPanel.ChoosePluginSet.updateUI()	235	
 	2492	org.gjt.sp.jedit.pluginmgr.InstallPanel.ChoosePluginSet.actionPerformed(ActionEvent)		
 	2493	org.gjt.sp.jedit.pluginmgr.InstallPanel.ClearPluginSet.ClearPluginSet()	19	
 	2494	org.gjt.sp.jedit.pluginmgr.InstallPanel.ClearPluginSet.actionPerformed(ActionEvent)		
 	3328	org.gjt.sp.jedit.pluginmgr.ManagePanel.ManagePanel(PluginManager)	148	
 	3358	org.gjt.sp.jedit.pluginmgr.ManagePanel.SaveButton.SaveButton()	13	
 	-1	org.gjt.sp.jedit.pluginmgr.ManagePanel.SaveButton.saveState(String,StringList)		
 	3360	org.gjt.sp.jedit.pluginmgr.ManagePanel.SaveButton.actionPerformed(ActionEvent)	26	
1749475	4914	org.gjt.sp.jedit.options.ShortcutsOptionPane._init()	1	1
 	4916	org.gjt.sp.jedit.options.ShortcutsOptionPane.setFilter()	3	
 	4917	org.gjt.sp.jedit.options.ShortcutsOptionPane.initModels()	7	
 	4922	org.gjt.sp.jedit.options.ShortcutsOptionPane.TableMouseHandler.mouseClicked(MouseEvent)	14	
 	-1	org.gjt.sp.jedit.options.ShortcutsOptionPane.ShortcutsModel.ShortcutsModel(String,Vector<GrabKeyDialog.KeyBinding[]>)		
 	-1	org.gjt.sp.jedit.options.ShortcutsOptionPane.ShortcutsModel.resetFilter()		
 	-1	org.gjt.sp.jedit.options.ShortcutsOptionPane.ShortcutsModel.setFilter(String)		
 	4925	org.gjt.sp.jedit.options.ShortcutsOptionPane.ShortcutsModel.getBindings()	853	
 	4928	org.gjt.sp.jedit.options.ShortcutsOptionPane.ShortcutsModel.getRowCount()	856	
 	4929	org.gjt.sp.jedit.options.ShortcutsOptionPane.ShortcutsModel.getValueAt(int,int)	80	
 	4930	org.gjt.sp.jedit.options.ShortcutsOptionPane.ShortcutsModel.setValueAt(Object,int,int)		
 	-1	org.gjt.sp.jedit.options.ShortcutsOptionPane.ShortcutsModel.getFilteredBindingAt(int,int)		
1768638	608	org.gjt.sp.jedit.Buffer.save(View,String)		3
 	609	org.gjt.sp.jedit.Buffer.save(View,String,boolean)		
 	610	org.gjt.sp.jedit.Buffer.save(View,String,boolean,boolean)		
 	1622	org.gjt.sp.jedit.EditServer.handleClient(boolean,boolean,boolean,String,String[])		
 	6005	org.gjt.sp.jedit.View.setBuffer(Buffer)	11	
 	6006	org.gjt.sp.jedit.View.setBuffer(Buffer,boolean)	3	
 	6008	org.gjt.sp.jedit.View.goToBuffer(Buffer)		
 	6054	org.gjt.sp.jedit.View.WindowHandler.windowActivated(WindowEvent)	6	
 	1056	org.gjt.sp.jedit.gui.CloseDialog.ActionHandler.actionPerformed(ActionEvent)		
 	2688	org.gjt.sp.jedit.jEdit.getIntegerProperty(String)	434	
 	2727	org.gjt.sp.jedit.jEdit.openFiles(View,String,String[])		
 	2731	org.gjt.sp.jedit.jEdit.openFile(View,String,String,boolean,Hashtable)	30	
 	2747	org.gjt.sp.jedit.jEdit.saveAllBuffers(View,boolean)		
 	2759	org.gjt.sp.jedit.jEdit.checkBufferStatus(View)	49	
 	2760	org.gjt.sp.jedit.jEdit.checkBufferStatus(View,boolean)	4	
 	-1	org.gjt.sp.jedit.jEdit.finishStartup(boolean,boolean,String,String[])		
 	1964	org.gjt.sp.jedit.options.GeneralOptionPane._init()	33	
 	1965	org.gjt.sp.jedit.options.GeneralOptionPane._save()	110	
 	4732	org.gjt.sp.jedit.search.SearchAndReplace.find(View,Buffer,int,boolean,boolean)		
1781853	2456	org.gjt.sp.jedit.pluginmgr.InstallPanel.InstallPanel(PluginManager,boolean)	6	6
 	2471	org.gjt.sp.jedit.pluginmgr.InstallPanel.PluginTableModel.sort(int)	110	
 	2498	org.gjt.sp.jedit.pluginmgr.InstallPanel.EntryCompare.EntryCompare(int,int)	475	
 	-1	org.gjt.sp.jedit.pluginmgr.InstallPanel.EntryCompare.compare(Object,Object)		
 	2500	org.gjt.sp.jedit.pluginmgr.InstallPanel.HeaderMouseHandler.mouseClicked(MouseEvent)	8	
 	2506	org.gjt.sp.jedit.pluginmgr.InstallPanel.HeaderRenderer.HeaderRenderer(DefaultTableCellRenderer)	161	
 	2507	org.gjt.sp.jedit.pluginmgr.InstallPanel.HeaderRenderer.getTableCellRendererComponent(JTable,Object,boolean,boolean,int,int)	30	
1788847	682	org.gjt.sp.jedit.Buffer.editSyntaxStyle(JEditTextArea)	1	1
 	5062	org.gjt.sp.jedit.gui.StyleEditor.StyleEditor(JDialog,SyntaxStyle,String)	7	
 	5063	org.gjt.sp.jedit.gui.StyleEditor.StyleEditor(JFrame,SyntaxStyle,String)	8	
 	5064	org.gjt.sp.jedit.gui.StyleEditor.initialize(Component,SyntaxStyle,String)	34	
 	5065	org.gjt.sp.jedit.gui.StyleEditor.actionPerformed(ActionEvent)	247	
 	5066	org.gjt.sp.jedit.gui.StyleEditor.ok()	749	
 	5067	org.gjt.sp.jedit.gui.StyleEditor.cancel()	1257	
 	5068	org.gjt.sp.jedit.gui.StyleEditor.getStyle()	32	
 	5074	org.gjt.sp.jedit.options.SyntaxHiliteOptionPane.MouseHandler.mouseClicked(MouseEvent)		
1789707	1632	org.gjt.sp.jedit.io.EncodingServer.hasEncoding(String)		1
 	6120	org.gjt.sp.jedit.io.XMLEncodingDetector.getXMLEncoding(String)	1	
1818140	2265	org.gjt.sp.jedit.gui.HistoryText.showPopupMenu(String,int,int)	20	4
 	3229	org.gjt.sp.jedit.gui.ListModelEditor.open(DefaultListModel)	13	
 	3230	org.gjt.sp.jedit.gui.ListModelEditor.createTableModel(DefaultListModel)	6	
 	3231	org.gjt.sp.jedit.gui.ListModelEditor.updatelistModel(DefaultListModel,DefaultTableModel)	4	
1825720	692	org.gjt.sp.jedit.bufferio.BufferAutosaveRequest.run()	6	6
1834620	4748	org.gjt.sp.jedit.search.SearchAndReplace.regexpReplace(SearchMatcher.Match,String)	14	14
1854542	631	org.gjt.sp.jedit.Buffer.setDirty(boolean)	319	7
 	5755	org.gjt.sp.jedit.browser.VFSBrowser.VFSBrowser(View,String,int,boolean,String)	7	
1866836	1125	org.gjt.sp.jedit.gui.CompleteWord.completeWord(View)	10	6
 	1140	org.gjt.sp.jedit.gui.CompleteWord.Words.complete(int)	6	
1869978	2816	org.gjt.sp.jedit.jEdit.addBufferToList(Buffer)	47	47
1883809	5219	org.gjt.sp.jedit.textarea.TextArea.centerCaret()	11	11
1887293	6040	org.gjt.sp.jedit.View.loadToolBars()	1	1
 	4751	org.gjt.sp.jedit.search.SearchBar.SearchBar(View,boolean)	21	
 	4755	org.gjt.sp.jedit.search.SearchBar.propertiesChanged()		
 	4756	org.gjt.sp.jedit.search.SearchBar.find(boolean)	4	
 	4759	org.gjt.sp.jedit.search.SearchBar.setCloseButtonVisibility()	100	
 	4764	org.gjt.sp.jedit.search.SearchBar.KeyHandler.keyPressed(KeyEvent)	40	
1894235	6040	org.gjt.sp.jedit.View.loadToolBars()	2	2
 	4751	org.gjt.sp.jedit.search.SearchBar.SearchBar(View,boolean)	10	
 	4755	org.gjt.sp.jedit.search.SearchBar.propertiesChanged()	5	
 	4756	org.gjt.sp.jedit.search.SearchBar.find(boolean)	4	
 	4759	org.gjt.sp.jedit.search.SearchBar.setCloseButtonVisibility()	63	
 	4764	org.gjt.sp.jedit.search.SearchBar.KeyHandler.keyPressed(KeyEvent)	36	
1906288	169	org.gjt.sp.jedit.textarea.Anchor.preContentRemoved(int,int,int)	19	19
1910061	5219	org.gjt.sp.jedit.textarea.TextArea.centerCaret()	1	1
 	-1	org.gjt.sp.jedit.textarea.TextArea.scrollToCurrent()		
1912735	4837	org.gjt.sp.jedit.gui.statusbar.SelectionLengthWidgetFactory.getWidget(View)	166	20
 	4838	org.gjt.sp.jedit.gui.statusbar.SelectionLengthWidgetFactory.SelectionLengthWidget.SelectionLengthWidget(View)	20	
 	4839	org.gjt.sp.jedit.gui.statusbar.SelectionLengthWidgetFactory.SelectionLengthWidget.getComponent()	87	
 	4840	org.gjt.sp.jedit.gui.statusbar.SelectionLengthWidgetFactory.SelectionLengthWidget.update()	1203	
 	4841	org.gjt.sp.jedit.gui.statusbar.SelectionLengthWidgetFactory.SelectionLengthWidget.propertiesChanged()	1204	
 	4842	org.gjt.sp.jedit.gui.statusbar.SelectionLengthWidgetFactory.SelectionLengthWidget.handleMessage(EBMessage)		
 	4843	org.gjt.sp.jedit.gui.statusbar.SelectionLengthWidgetFactory.SelectionLengthWidget.SelectionLength.addNotify()	215	
 	4844	org.gjt.sp.jedit.gui.statusbar.SelectionLengthWidgetFactory.SelectionLengthWidget.SelectionLength.removeNotify()	233	
 	4845	org.gjt.sp.jedit.gui.statusbar.SelectionLengthWidgetFactory.SelectionLengthWidget.SelectionLength.caretUpdate(CaretEvent)	25	
1913979	4768	org.gjt.sp.jedit.search.SearchDialog.setSearchString(String,int)	107	107
1923613	4248	org.gjt.sp.jedit.search.PatternSearchMatcher.nextMatch(CharSequence,boolean,boolean,boolean,boolean)	5	5
 	4730	org.gjt.sp.jedit.search.SearchAndReplace.find(View)	21	
 	4732	org.gjt.sp.jedit.search.SearchAndReplace.find(View,Buffer,int,boolean,boolean)	9	
 	4756	org.gjt.sp.jedit.search.SearchBar.find(boolean)		
 	4780	org.gjt.sp.jedit.search.SearchDialog.updateEnabled()	10	
1931333	1145	org.gjt.sp.jedit.gui.CompleteWord.keyTyped(KeyEvent)	31	31
1936518	305	org.gjt.sp.jedit.browser.BrowserCommandsMenu.BrowserCommandsMenu(VFSBrowser,VFSFile[])	10	10
 	5781	org.gjt.sp.jedit.browser.VFSBrowser.rename(String,String)	221	
 	-1	org.gjt.sp.jedit.browser.VFSBrowser.fileProperties()		
 	-1	org.gjt.sp.jedit.gui.FilePropertiesDialog.FilePropertiesDialog(View,VFSBrowser)		
 	1821	org.gjt.sp.jedit.gui.FilePropertiesDialog.createAndShowGUI()	338	
 	1812	org.gjt.sp.jedit.gui.FilePropertiesDialog.addComponentsToPane()	203	
 	1813	org.gjt.sp.jedit.gui.FilePropertiesDialog.createNorthPanelAll()		
 	1814	org.gjt.sp.jedit.gui.FilePropertiesDialog.createCenterPanelAll()		
 	1815	org.gjt.sp.jedit.gui.FilePropertiesDialog.createSouthPanelAll()		
 	1816	org.gjt.sp.jedit.gui.FilePropertiesDialog.createNorthPanel()	296	
 	1817	org.gjt.sp.jedit.gui.FilePropertiesDialog.createCenterPanel()	69	
 	1818	org.gjt.sp.jedit.gui.FilePropertiesDialog.createSouthPanel()	258	
 	1819	org.gjt.sp.jedit.gui.FilePropertiesDialog.ok()	84	
 	1820	org.gjt.sp.jedit.gui.FilePropertiesDialog.cancel()	596	
 	1822	org.gjt.sp.jedit.gui.FilePropertiesDialog.ButtonActionHandler.actionPerformed(ActionEvent)	597	
1938174	1875	org.gjt.sp.jedit.gui.FilteredListModel.setFilter(String)	7	7
1942313	1262	org.gjt.sp.jedit.textarea.DisplayManager.expandFold(int,boolean)	6	6
1947676	2321	org.gjt.sp.jedit.search.HyperSearchRequest.run()	13	5
 	2347	org.gjt.sp.jedit.search.HyperSearchResults.searchStarted()	5	
 	2349	org.gjt.sp.jedit.search.HyperSearchResults.searchFailed()	27	
 	2350	org.gjt.sp.jedit.search.HyperSearchResults.searchDone(DefaultMutableTreeNode,DefaultMutableTreeNode)	29	
1961989	5576	org.gjt.sp.jedit.options.ToolBarOptionPane._init()	46	26
 	5579	org.gjt.sp.jedit.options.ToolBarOptionPane.reloadButtonList(String)	66	
 	5588	org.gjt.sp.jedit.options.ToolBarOptionPane.ActionHandler.actionPerformed(ActionEvent)	53	
 	65	org.gjt.sp.jedit.gui.AbstractContextOptionPane._init()	26	
 	70	org.gjt.sp.jedit.gui.AbstractContextOptionPane.reloadContextList(String)	34	
 	73	org.gjt.sp.jedit.gui.AbstractContextOptionPane.ActionHandler.actionPerformed(ActionEvent)	45	
1965114	5834	org.gjt.sp.jedit.browser.VFSDirectoryEntryTable.getSelectedFiles()	17	17
 	5841	org.gjt.sp.jedit.browser.VFSDirectoryEntryTable.processKeyEvent(KeyEvent)	19	
1984000	805	org.gjt.sp.jedit.bufferset.BufferSet.addBufferAt(Buffer,int)	14	14
1984974	6038	org.gjt.sp.jedit.View.propertiesChanged()	12	12
 	5027	org.gjt.sp.jedit.options.StatusBarOptionPane._init()	38	
 	5028	org.gjt.sp.jedit.options.StatusBarOptionPane._save()	37	
1999448	717	org.gjt.sp.jedit.textarea.BufferHandler.preContentInserted(JEditBuffer,int,int,int,int)	64	1
 	718	org.gjt.sp.jedit.textarea.BufferHandler.preContentRemoved(JEditBuffer,int,int,int,int)	33	
 	723	org.gjt.sp.jedit.textarea.BufferHandler.getReadyToBreakFold(int)	7	
 	5304	org.gjt.sp.jedit.textarea.TextArea.joinLines()	22	
 	1262	org.gjt.sp.jedit.textarea.DisplayManager.expandFold(int,boolean)	1	
2015210	189	org.gjt.sp.jedit.options.AppearanceOptionPane._init()	24	5
 	4688	org.gjt.sp.jedit.options.SaveBackupOptionPane._init()	5	
2017514	3560	org.gjt.sp.jedit.textarea.MouseHandler.mouseReleased(MouseEvent)	77	77
2060078	6045	org.gjt.sp.jedit.View.handleEditPaneUpdate(EditPaneUpdate)	77	77
 	6046	org.gjt.sp.jedit.View.closeDuplicateBuffers(EditPaneUpdate)		
2068307	1050	org.gjt.sp.jedit.gui.CloseDialog.CloseDialog(View)		41
 	2741	org.gjt.sp.jedit.jEdit.closeBuffer(View,Buffer)	41	
 	623	org.gjt.sp.jedit.Buffer.getPath(Boolean)	922	
 	668	org.gjt.sp.jedit.Buffer.toString()	208	
 	3438	org.gjt.sp.jedit.MiscUtilities.abbreviate(String)	823	
 	3508	org.gjt.sp.jedit.MiscUtilities.VarCompressor.VarCompressor()		
 	3509	org.gjt.sp.jedit.MiscUtilities.VarCompressor.compress(String)	855	
 	4688	org.gjt.sp.jedit.options.SaveBackupOptionPane._init()	68	
 	4689	org.gjt.sp.jedit.options.SaveBackupOptionPane._save()	65	
2069249	2324	org.gjt.sp.jedit.search.HyperSearchRequest.doHyperSearch(Buffer,int,int,DefaultMutableTreeNode)		1
 	4248	org.gjt.sp.jedit.search.PatternSearchMatcher.nextMatch(CharSequence,boolean,boolean,boolean,boolean)	1	
 	4730	org.gjt.sp.jedit.search.SearchAndReplace.find(View)	12	
 	4733	org.gjt.sp.jedit.search.SearchAndReplace.replace(View)	100	
 	4744	org.gjt.sp.jedit.search.SearchAndReplace._replace(View,JEditBuffer,SearchMatcher,int,int,boolean)	47	
2077326	631	org.gjt.sp.jedit.Buffer.setDirty(boolean)	52	52
 	678	org.gjt.sp.jedit.Buffer.calculateHash()	118	
 	680	org.gjt.sp.jedit.Buffer.finishLoading()	253	
 	4688	org.gjt.sp.jedit.options.SaveBackupOptionPane._init()	73	
 	4689	org.gjt.sp.jedit.options.SaveBackupOptionPane._save()	81	
2089713	631	org.gjt.sp.jedit.Buffer.setDirty(boolean)	14	14
2091052	831	org.gjt.sp.jedit.bufferset.BufferSetManager.handleMessage(EBMessage)	26	2
 	844	org.gjt.sp.jedit.bufferset.BufferSetManager.BufferSetClosed.BufferSetClosed(BufferSet)	46	
 	-1	org.gjt.sp.jedit.bufferset.BufferSetManager.BufferSetClosed.BufferSetClosed(View,BufferSet)		
 	-1	org.gjt.sp.jedit.bufferset.BufferSetManager.BufferSetClosed.BufferSetClosed(EditPane,BufferSet)		
 	-1	org.gjt.sp.jedit.bufferset.BufferSetManager.BufferSetClosed.init()		
 	845	org.gjt.sp.jedit.bufferset.BufferSetManager.BufferSetClosed.bufferAdded(Buffer,int)		
 	6030	org.gjt.sp.jedit.View.confirmToCloseDirty()	2	
 	6048	org.gjt.sp.jedit.View.getOpenBuffers()	41	
 	1050	org.gjt.sp.jedit.gui.CloseDialog.CloseDialog(View)		
 	1051	org.gjt.sp.jedit.gui.CloseDialog.CloseDialog(View,Collection<Buffer>)		
 	2820	org.gjt.sp.jedit.jEdit.closeView(View,boolean)	68	
2122926	1700	org.gjt.sp.jedit.gui.statusbar.ErrorsWidgetFactory.ErrorHighlight.ErrorHighlight(View)		1
 	1706	org.gjt.sp.jedit.gui.statusbar.ErrorsWidgetFactory.ErrorHighlight.MyMouseAdapter.MyMouseAdapter(View)		
 	1707	org.gjt.sp.jedit.gui.statusbar.ErrorsWidgetFactory.ErrorHighlight.MyMouseAdapter.mouseClicked(MouseEvent)	1	
2129419	1057	org.gjt.sp.jedit.gui.CloseDialog.ListHandler.valueChanged(ListSelectionEvent)	32	32
2169354	4748	org.gjt.sp.jedit.search.SearchAndReplace.regexpReplace(SearchMatcher.Match,String)	105	105
2173091	2324	org.gjt.sp.jedit.search.HyperSearchRequest.doHyperSearch(Buffer,int,int,DefaultMutableTreeNode)	21	21
 	4248	org.gjt.sp.jedit.search.PatternSearchMatcher.nextMatch(CharSequence,boolean,boolean,boolean,boolean)	71	
 	4730	org.gjt.sp.jedit.search.SearchAndReplace.find(View)	204	
 	4733	org.gjt.sp.jedit.search.SearchAndReplace.replace(View)	267	
 	4744	org.gjt.sp.jedit.search.SearchAndReplace._replace(View,JEditBuffer,SearchMatcher,int,int,boolean)	108	
2173112	2324	org.gjt.sp.jedit.search.HyperSearchRequest.doHyperSearch(Buffer,int,int,DefaultMutableTreeNode)	37	37
2183929	1568	org.gjt.sp.jedit.EditPane.bufferAdded(Buffer,int)	10	1
 	1571	org.gjt.sp.jedit.EditPane.bufferSetSorted()	1	
 	-1	org.gjt.sp.jedit.bufferset.BufferSet.BufferSet(Scope)		
 	-1	org.gjt.sp.jedit.bufferset.BufferSet.finalize()		
 	-1	org.gjt.sp.jedit.bufferset.BufferSet.handleMessage(PropertiesChanged)		
 	-1	org.gjt.sp.jedit.bufferset.BufferSet.handleMessage(EBMessage)		
 	805	org.gjt.sp.jedit.bufferset.BufferSet.addBufferAt(Buffer,int)	69	
 	826	org.gjt.sp.jedit.bufferset.BufferSetAdapter.bufferSetSorted()		
 	831	org.gjt.sp.jedit.bufferset.BufferSetManager.handleMessage(EBMessage)	19	
2199003	1322	org.gjt.sp.jedit.gui.DockableWindowFactory.getDockableWindowPluginClass(String)	20	1
 	1366	org.gjt.sp.jedit.gui.DockableWindowManager.getDockableWindowPluginName(String)	2	
 	1455	org.gjt.sp.jedit.options.DockingOptionPane._init()	12	
 	1457	org.gjt.sp.jedit.options.DockingOptionPane.createDockingOptionsPanel()	54	
 	1462	org.gjt.sp.jedit.options.WindowTableModel.WindowTableModel()	1	
 	1463	org.gjt.sp.jedit.options.WindowTableModel.getDockableSets()	3	
 	1464	org.gjt.sp.jedit.options.WindowTableModel.showSet(String)	41	
2218621	3436	org.gjt.sp.jedit.MiscUtilities.canonPath(String)	13	13
 	3440	org.gjt.sp.jedit.MiscUtilities.isAbsolutePath(String)	23	
2220025	5012	org.gjt.sp.jedit.gui.StatusBar.propertiesChanged()	167	81
 	5020	org.gjt.sp.jedit.gui.StatusBar.updateCaretStatus()	86	
 	5027	org.gjt.sp.jedit.options.StatusBarOptionPane._init()	81	
 	5028	org.gjt.sp.jedit.options.StatusBarOptionPane._save()	104	
2220033	5011	org.gjt.sp.jedit.gui.StatusBar.StatusBar(View)		46
 	5020	org.gjt.sp.jedit.gui.StatusBar.updateCaretStatus()	46	
 	5025	org.gjt.sp.jedit.gui.StatusBar.MouseHandler.mouseClicked(MouseEvent)		
 	5027	org.gjt.sp.jedit.options.StatusBarOptionPane._init()	67	
 	5028	org.gjt.sp.jedit.options.StatusBarOptionPane._save()	73	
2446121	2338	org.gjt.sp.jedit.search.HyperSearchResults.HyperSearchResults(View)	112	92
 	2340	org.gjt.sp.jedit.search.HyperSearchResults.addNotify()	125	
 	2352	org.gjt.sp.jedit.search.HyperSearchResults.updateHighlightStatus()	135	
 	2359	org.gjt.sp.jedit.search.HyperSearchResults.ActionHandler.actionPerformed(ActionEvent)		
 	2360	org.gjt.sp.jedit.search.HyperSearchResults.HighlightingTree.HighlightingTree(DefaultTreeModel)	131	
 	2361	org.gjt.sp.jedit.search.HyperSearchResults.HighlightingTree.convertValueToText(Object,boolean,boolean,boolean,int,boolean)	92	
 	-1	org.gjt.sp.jedit.search.HyperSearchResults.HighlightingTree.appendString2html(StringBuffer,String)		
2555956	55	org.gjt.sp.jedit.gui.AboutDialog.AboutPanel.AboutPanel()	4	4
2569381	1129	org.gjt.sp.jedit.gui.CompleteWord.getVisibleBuffers()	23	14
 	1130	org.gjt.sp.jedit.gui.CompleteWord.getCompletions(Buffer,String,int)	14	
 	5418	org.gjt.sp.jedit.options.TextAreaOptionPane._init()	77	
 	5419	org.gjt.sp.jedit.options.TextAreaOptionPane._save()	455	
2596087	5154	org.gjt.sp.jedit.textarea.TextArea.scrollTo(int,int,boolean)	24	24
 	5324	org.gjt.sp.jedit.textarea.TextArea.recalculateVisibleLines()	41	
2646484	3014	org.gjt.sp.jedit.textarea.JEditTextArea.smartEnd(boolean)	15	1
 	5246	org.gjt.sp.jedit.textarea.TextArea.home(boolean)	150	
 	5247	org.gjt.sp.jedit.textarea.TextArea.end(boolean)	1	
 	5249	org.gjt.sp.jedit.textarea.TextArea.smartEnd(boolean)		
 	5252	org.gjt.sp.jedit.textarea.TextArea.goToEndOfCode(boolean)		
2668434	6027	org.gjt.sp.jedit.View.View(Buffer,ViewConfig)		11
 	6028	org.gjt.sp.jedit.View.updateFullScreenProps()	71	
 	6029	org.gjt.sp.jedit.View.toggleFullScreen()	11	
 	6038	org.gjt.sp.jedit.View.propertiesChanged()	48	
 	6065	org.gjt.sp.jedit.options.ViewOptionPane._init()	20	
 	6066	org.gjt.sp.jedit.options.ViewOptionPane._save()	31	
2688862	2319	org.gjt.sp.jedit.search.HyperSearchOperationNode.getSearchString()	7	3
 	2318	org.gjt.sp.jedit.search.HyperSearchOperationNode.getSearchMatcher()	23	
 	2321	org.gjt.sp.jedit.search.HyperSearchRequest.run()	16	
 	2382	org.gjt.sp.jedit.search.HyperSearchResults.RedoSearchAction.actionPerformed(ActionEvent)	3	
2696564	1573	org.gjt.sp.jedit.EditPane.EditPane(View,Buffer,BufferSet.Scope)		2
 	1575	org.gjt.sp.jedit.EditPane.propertiesChanged()	2	
 	2135	org.gjt.sp.jedit.options.GutterOptionPane._init()	10	
 	2136	org.gjt.sp.jedit.options.GutterOptionPane._save()	4	
 	2139	org.gjt.sp.jedit.options.GutterOptionPane.isGutterEnabled()	24	
 	2082	org.gjt.sp.jedit.textarea.Gutter.Gutter(TextArea)		
 	2091	org.gjt.sp.jedit.textarea.Gutter.setBorder(Border)	100	
 	2098	org.gjt.sp.jedit.textarea.Gutter.setFont(Font)	192	
 	2099	org.gjt.sp.jedit.textarea.Gutter.setGutterEnabled(boolean)	109	
 	2110	org.gjt.sp.jedit.textarea.Gutter.getPreferredSize()	112	
 	2125	org.gjt.sp.jedit.textarea.Gutter.setSelectionPopupHandler(GutterPopupHandler)		
 	2127	org.gjt.sp.jedit.textarea.Gutter.paintLine(Graphics2D,int,int)	250	
 	2130	org.gjt.sp.jedit.textarea.Gutter.MouseHandler.mousePressed(MouseEvent)	42	
 	2131	org.gjt.sp.jedit.textarea.Gutter.MouseHandler.mouseDragged(MouseEvent)	162	
 	2132	org.gjt.sp.jedit.textarea.Gutter.MouseHandler.getFoldEndOffset(int)	355	
 	2133	org.gjt.sp.jedit.textarea.Gutter.MouseHandler.mouseReleased(MouseEvent)	244	
2744708	611	org.gjt.sp.jedit.Buffer.checkFileStatus(View)	26	26
 	631	org.gjt.sp.jedit.Buffer.setDirty(boolean)	54	
2759434	4990	org.gjt.sp.util.StandardUtilities.getIndentString(String)	98	98
2762745	3359	org.gjt.sp.jedit.pluginmgr.ManagePanel.SaveButton.saveState(String,List<Entry>)	82	82
 	2589	org.gjt.sp.util.IOUtilities.closeQuietly(OutputStream)	904	
 	2591	org.gjt.sp.util.IOUtilities.closeQuietly(Writer)	906	
 	2592	org.gjt.sp.util.IOUtilities.closeQuietly(Closeable)	907	
2777073	1573	org.gjt.sp.jedit.EditPane.EditPane(View,Buffer,BufferSet.Scope)		111
 	1575	org.gjt.sp.jedit.EditPane.propertiesChanged()	118	
 	2135	org.gjt.sp.jedit.options.GutterOptionPane._init()	111	
 	2136	org.gjt.sp.jedit.options.GutterOptionPane._save()	138	
 	2141	org.gjt.sp.jedit.options.GutterOptionPane.isSelectionAreaEnabled()	768	
 	2082	org.gjt.sp.jedit.textarea.Gutter.Gutter(TextArea)		
 	2091	org.gjt.sp.jedit.textarea.Gutter.setBorder(Border)	145	
 	-1	org.gjt.sp.jedit.textarea.Gutter.setSelectonAreaEnabled(boolean)		
 	-1	org.gjt.sp.jedit.textarea.Gutter.getLineCount()		
 	2097	org.gjt.sp.jedit.textarea.Gutter.dispose()		
 	2098	org.gjt.sp.jedit.textarea.Gutter.setFont(Font)	119	
 	5116	org.gjt.sp.jedit.textarea.TextArea.dispose()		
2781716	2361	org.gjt.sp.jedit.search.HyperSearchResults.HighlightingTree.convertValueToText(Object,boolean,boolean,boolean,int,boolean)	222	222
2814857	5308	org.gjt.sp.jedit.textarea.TextArea.removeNotify()	31	31
2823909	6028	org.gjt.sp.jedit.View.updateFullScreenProps()	10	10
2824045	6029	org.gjt.sp.jedit.View.toggleFullScreen()	8	8
2842444	2321	org.gjt.sp.jedit.search.HyperSearchRequest.run()	1	1
 	2338	org.gjt.sp.jedit.search.HyperSearchResults.HyperSearchResults(View)		
 	2347	org.gjt.sp.jedit.search.HyperSearchResults.searchStarted()	2	
 	2350	org.gjt.sp.jedit.search.HyperSearchResults.searchDone(DefaultMutableTreeNode,DefaultMutableTreeNode)		
 	2359	org.gjt.sp.jedit.search.HyperSearchResults.ActionHandler.actionPerformed(ActionEvent)	14	
2844750	2446	org.gjt.sp.jedit.textarea.InputMethodSupport.paintValidLine(Graphics2D,int,int,int,int,int)	139	32
 	2448	org.gjt.sp.jedit.textarea.InputMethodSupport.getLocationOffset(int,int)		
 	5475	org.gjt.sp.jedit.textarea.TextAreaPainter.PaintLineBackground.paintValidLine(Graphics2D,int,int,int,int,int)	64	
 	5480	org.gjt.sp.jedit.textarea.TextAreaPainter.PaintText.paintValidLine(Graphics2D,int,int,int,int,int)	32	
2846169	1930	org.gjt.sp.jedit.buffer.FoldHandler.getPrecedingFoldLevels(JEditBuffer,int,Segment,int)	16	12
 	2418	org.gjt.sp.jedit.buffer.IndentFoldHandler.getLeadingWhitespaceWidth(Segment,int)		
 	2419	org.gjt.sp.jedit.buffer.IndentFoldHandler.getFoldLevel(JEditBuffer,int,Segment)		
 	2420	org.gjt.sp.jedit.buffer.IndentFoldHandler.getPrecedingFoldLevels(JEditBuffer,int,Segment,int)		
 	2943	org.gjt.sp.jedit.buffer.JEditBuffer.getFoldLevel(int)	12	
2882702	2058	org.gjt.sp.jedit.GUIUtilities.getScreenBounds()	161	98
 	2060	org.gjt.sp.jedit.GUIUtilities.showPopupMenu(JPopupMenu,Component,int,int,boolean)	98	
 	6059	org.gjt.sp.jedit.View.isInsideScreen(View,Rectangle)		
2887515	52	org.gjt.sp.jedit.gui.AboutDialog.AboutDialog(View)	3	3
 	56	org.gjt.sp.jedit.gui.AboutDialog.AboutPanel.handleKeyEvent(KeyEvent)	5	
 	57	org.gjt.sp.jedit.gui.AboutDialog.AboutPanel.drain()	27	
2887516	2338	org.gjt.sp.jedit.search.HyperSearchResults.HyperSearchResults(View)	32	1
 	2367	org.gjt.sp.jedit.search.HyperSearchResults.MouseHandler.showPopupMenu(MouseEvent)	7	
 	2376	org.gjt.sp.jedit.search.HyperSearchResults.CopyToClipboardAction.CopyToClipboardAction()	1	
 	2377	org.gjt.sp.jedit.search.HyperSearchResults.CopyToClipboardAction.actionPerformed(ActionEvent)	22	
 	2378	org.gjt.sp.jedit.search.HyperSearchResults.ToStringNodes.processNode(DefaultMutableTreeNode)	13	
 	2390	org.gjt.sp.jedit.search.HyperSearchResults.ResultTreeTransferHandler.exportToClipboard(JComponent,Clipboard,int)		
2896464	2338	org.gjt.sp.jedit.search.HyperSearchResults.HyperSearchResults(View)	19	11
 	2367	org.gjt.sp.jedit.search.HyperSearchResults.MouseHandler.showPopupMenu(MouseEvent)	22	
 	2376	org.gjt.sp.jedit.search.HyperSearchResults.CopyToClipboardAction.CopyToClipboardAction()	11	
 	2377	org.gjt.sp.jedit.search.HyperSearchResults.CopyToClipboardAction.actionPerformed(ActionEvent)	198	
 	2378	org.gjt.sp.jedit.search.HyperSearchResults.ToStringNodes.processNode(DefaultMutableTreeNode)	13	
 	2390	org.gjt.sp.jedit.search.HyperSearchResults.ResultTreeTransferHandler.exportToClipboard(JComponent,Clipboard,int)	149	
2911122	2606	org.gjt.sp.jedit.JARClassLoader.getResource(String)	7	7
