FeatureID	GoldSet MethodID Position	GoldSetMethodID	LSI GoldSetMethodID Rank - All Ranks	LSI GoldSetMethodID Rank - Best Rank
950961	685	org.gjt.sp.jedit.buffer.BufferAdapter.preContentInserted(JEditBuffer,int,int,int,int)	535	10
 	705	org.gjt.sp.jedit.buffer.BufferChangeListener.Adapter.preContentInserted(JEditBuffer,int,int,int,int)	536	
 	2965	org.gjt.sp.jedit.buffer.JEditBuffer.fireFoldLevelChanged(int,int)	99	
 	2966	org.gjt.sp.jedit.buffer.JEditBuffer.fireContentInserted(int,int,int,int)	2292	
 	2967	org.gjt.sp.jedit.buffer.JEditBuffer.fireContentRemoved(int,int,int,int)	2243	
 	2968	org.gjt.sp.jedit.buffer.JEditBuffer.firePreContentInserted(int,int,int,int)	1959	
 	2969	org.gjt.sp.jedit.buffer.JEditBuffer.firePreContentRemoved(int,int,int,int)	1918	
 	2974	org.gjt.sp.jedit.buffer.JEditBuffer.fireTransactionComplete()	4564	
 	2975	org.gjt.sp.jedit.buffer.JEditBuffer.fireFoldHandlerChanged()	104	
 	2976	org.gjt.sp.jedit.buffer.JEditBuffer.fireBufferLoaded()	5841	
 	2979	org.gjt.sp.jedit.buffer.JEditBuffer.loadText(Segment,IntegerArray)	1305	
 	2985	org.gjt.sp.jedit.buffer.JEditBuffer.contentInserted(int,int,IntegerArray)	816	
 	716	org.gjt.sp.jedit.textarea.BufferHandler.contentInserted(JEditBuffer,int,int,int,int)	146	
 	717	org.gjt.sp.jedit.textarea.BufferHandler.preContentInserted(JEditBuffer,int,int,int,int)	108	
 	718	org.gjt.sp.jedit.textarea.BufferHandler.preContentRemoved(JEditBuffer,int,int,int,int)	109	
 	723	org.gjt.sp.jedit.textarea.BufferHandler.getReadyToBreakFold(int)	10	
 	719	org.gjt.sp.jedit.textarea.BufferHandler.contentRemoved(JEditBuffer,int,int,int,int)	161	
 	4501	org.gjt.sp.jedit.textarea.RangeMap.RangeMap(RangeMap)	6175	
 	4507	org.gjt.sp.jedit.textarea.RangeMap.put(int,int,int[])	656	
 	4514	org.gjt.sp.jedit.textarea.RangeMap.dump()	247	
981012	904	org.gjt.sp.jedit.syntax.Chunk.init(Segment,TabExpander,float,FontRenderContext)	946	946
1193683	717	org.gjt.sp.jedit.textarea.BufferHandler.preContentInserted(JEditBuffer,int,int,int,int)	198	15
 	718	org.gjt.sp.jedit.textarea.BufferHandler.preContentRemoved(JEditBuffer,int,int,int,int)	263	
 	723	org.gjt.sp.jedit.textarea.BufferHandler.getReadyToBreakFold(int)	15	
1292706	2043	org.gjt.sp.jedit.GUIUtilities.loadGeometry(Window,String)	731	263
 	2049	org.gjt.sp.jedit.GUIUtilities.saveGeometry(Window,String)	263	
1382388	3511	org.gjt.sp.jedit.Mode.Mode(String)	6107	294
 	3520	org.gjt.sp.jedit.Mode.setProperties(Map)	4089	
 	3526	org.gjt.sp.jedit.Mode.getIgnoreWhitespace()	6366	
 	3529	org.gjt.sp.jedit.Mode.initIndentRules()	708	
 	2887	org.gjt.sp.jedit.buffer.JEditBuffer.getPriorNonEmptyLine(int)	1050	
 	2911	org.gjt.sp.jedit.buffer.JEditBuffer.isElectricKey(char)	1269	
 	2415	org.gjt.sp.jedit.indent.IndentAction.NoIncrease.calculateIndent(JEditBuffer,int,int,int)	294	
 	2416	org.gjt.sp.jedit.indent.IndentAction.NoIncrease.keepChecking()	5914	
 	6072	org.gjt.sp.jedit.indent.WhitespaceRule.apply(JEditBuffer,int,int,int,List<IndentAction>)	581	
1500938	4767	org.gjt.sp.jedit.search.SearchDialog.showSearchDialog(View,String,int)	26	12
 	4768	org.gjt.sp.jedit.search.SearchDialog.setSearchString(String,int)	12	
1520769	204	org.gjt.sp.jedit.Autosave.actionPerformed(ActionEvent)	39	13
 	620	org.gjt.sp.jedit.Buffer.removeAutosaveFile()	18	
 	4688	org.gjt.sp.jedit.options.SaveBackupOptionPane._init()	20	
 	4689	org.gjt.sp.jedit.options.SaveBackupOptionPane._save()	13	
1520774	3506	org.gjt.sp.jedit.MiscUtilities.getPathStart(String)	418	418
1533473	1555	org.gjt.sp.jedit.EditPane.saveCaretInfo()	342	167
 	1556	org.gjt.sp.jedit.EditPane.loadCaretInfo()	167	
1536064	2054	org.gjt.sp.jedit.GUIUtilities.requestFocus(Window,Component)	262	262
1538051	2776	org.gjt.sp.jedit.jEdit.showMemoryDialog(View)	1	1
 	5012	org.gjt.sp.jedit.gui.StatusBar.propertiesChanged()	3786	
 	5015	org.gjt.sp.jedit.gui.StatusBar.statusUpdate(WorkThreadPool,int)	1375	
 	5021	org.gjt.sp.jedit.gui.StatusBar.updateBufferStatus()	2771	
 	-1	org.gjt.sp.jedit.gui.StatusBar.MemoryStatus.getToolTipText()		
 	-1	org.gjt.sp.jedit.gui.StatusBar.MemoryStatus.paintComponent(Graphics)		
1538702	2042	org.gjt.sp.jedit.GUIUtilities.loadGeometry(Window,Container,String)	1226	1
 	2043	org.gjt.sp.jedit.GUIUtilities.loadGeometry(Window,String)	799	
 	2049	org.gjt.sp.jedit.GUIUtilities.saveGeometry(Window,String)	1217	
 	2050	org.gjt.sp.jedit.GUIUtilities.saveGeometry(Window,Container,String)	1682	
 	-1	org.gjt.sp.jedit.GUIUtilities.addSizeSaver(Window,String)		
 	-1	org.gjt.sp.jedit.GUIUtilities.addSizeSaver(Window,Container,String)		
 	-1	org.gjt.sp.jedit.GUIUtilities.SizeSaver.SizeSaver(Window,String)		
 	-1	org.gjt.sp.jedit.GUIUtilities.SizeSaver.SizeSaver(Window,Container,String)		
 	2077	org.gjt.sp.jedit.GUIUtilities.SizeSaver.windowStateChanged(WindowEvent)	1288	
 	2080	org.gjt.sp.jedit.GUIUtilities.SizeSaver.componentMoved(ComponentEvent)	4802	
 	-1	org.gjt.sp.jedit.PluginJAR.load(boolean)		
 	4266	org.gjt.sp.jedit.PluginJAR.load(String,boolean)	131	
 	4268	org.gjt.sp.jedit.PluginJAR.findPlugin(String)	37	
 	4269	org.gjt.sp.jedit.PluginJAR.containsClass(String)	6160	
 	-1	org.gjt.sp.jedit.PluginJAR.jarCompare(String,String)		
 	-1	org.gjt.sp.jedit.PluginJAR.loadDependencies(String)		
 	4278	org.gjt.sp.jedit.PluginJAR.checkDependencies()	4	
 	-1	org.gjt.sp.jedit.PluginJAR.transitiveClosure(Set<String>,Set<String>)		
 	4281	org.gjt.sp.jedit.PluginJAR.transitiveClosure(String[],List<String>)	100	
 	4282	org.gjt.sp.jedit.PluginJAR.getDependentPlugins()	87	
 	4285	org.gjt.sp.jedit.PluginJAR.activatePluginIfNecessary()	1	
 	4293	org.gjt.sp.jedit.PluginJAR.init()	174	
 	6027	org.gjt.sp.jedit.View.View(Buffer,ViewConfig)	641	
 	1694	org.gjt.sp.jedit.gui.ErrorListDialog.ActionHandler.actionPerformed(ActionEvent)	113	
 	-1	org.gjt.sp.jedit.gui.FloatingWindowContainer.register(DockableWindowManager.Entry)		
 	2707	org.gjt.sp.jedit.jEdit.getPlugin(String,boolean)	11	
 	2711	org.gjt.sp.jedit.jEdit.addPluginJAR(String)	54	
 	3328	org.gjt.sp.jedit.pluginmgr.ManagePanel.ManagePanel(PluginManager)	305	
 	-1	org.gjt.sp.jedit.pluginmgr.ManagePanel.PluginTableModel.toggleCurrentRow()		
 	3344	org.gjt.sp.jedit.pluginmgr.ManagePanel.PluginTableModel.setValueAt(Object,int,int)	277	
 	3348	org.gjt.sp.jedit.pluginmgr.ManagePanel.PluginTableModel.unloadPluginJARWithDialog(PluginJAR)	107	
 	3349	org.gjt.sp.jedit.pluginmgr.ManagePanel.PluginTableModel.unloadPluginJAR(PluginJAR)	112	
 	3368	org.gjt.sp.jedit.pluginmgr.ManagePanel.HelpButton.valueChanged(ListSelectionEvent)	270	
 	-1	org.gjt.sp.jedit.pluginmgr.ManagePanel.KeyHandler.keyTyped(KeyEvent)		
 	-1	org.gjt.sp.jedit.pluginmgr.ManagePanel.KeyHandler.keyPressed(KeyEvent)		
 	-1	org.gjt.sp.jedit.pluginmgr.ManagePanel.KeyHandler.keyReleased(KeyEvent)		
 	4352	org.gjt.sp.jedit.pluginmgr.PluginManager.showPluginManager(Frame)	108	
 	4356	org.gjt.sp.jedit.pluginmgr.PluginManager.PluginManager(Frame)	114	
 	-1	org.gjt.sp.jedit.pluginmgr.PluginManager.PluginManager()		
 	4357	org.gjt.sp.jedit.pluginmgr.PluginManager.init()	109	
 	4679	org.gjt.sp.jedit.pluginmgr.Roster.Remove.unloadPluginJAR(PluginJAR)	182	
1538743	5590	org.gjt.sp.jedit.options.ToolBarEditDialog.ToolBarEditDialog(Component,DefaultComboBoxModel,ToolBarOptionPane.Button)	137	28
 	5595	org.gjt.sp.jedit.options.ToolBarEditDialog.updateList()	28	
1541009	2324	org.gjt.sp.jedit.search.HyperSearchRequest.doHyperSearch(Buffer,int,int,DefaultMutableTreeNode)	149	37
 	4248	org.gjt.sp.jedit.search.PatternSearchMatcher.nextMatch(CharSequence,boolean,boolean,boolean,boolean)	165	
 	-1	org.gjt.sp.jedit.search.PatternSearchMatcher.isMatchingEOL()		
 	4730	org.gjt.sp.jedit.search.SearchAndReplace.find(View)	126	
 	4733	org.gjt.sp.jedit.search.SearchAndReplace.replace(View)	37	
 	4744	org.gjt.sp.jedit.search.SearchAndReplace._replace(View,JEditBuffer,SearchMatcher,int,int,boolean)	55	
 	-1	org.gjt.sp.jedit.search.SearchAndReplace._replace(View,Buffer,SearchMatcher,int,int,boolean)		
 	-1	org.gjt.sp.jedit.search.SearchAndReplace.replaceOne(View,Buffer,SearchMatcher.Match,int,String,boolean)		
 	-1	org.gjt.sp.jedit.search.SearchMatcher.isMatchingEOL()		
1541372	2130	org.gjt.sp.jedit.textarea.Gutter.MouseHandler.mousePressed(MouseEvent)	86	86
 	-1	org.gjt.sp.jedit.textarea.JEditTextArea.getSelectedText(Selection)		
 	-1	org.gjt.sp.jedit.textarea.JEditTextArea.collapseFold()		
 	-1	org.gjt.sp.jedit.textarea.JEditTextArea.collapseFold(int)		
1542026	2825	org.gjt.sp.jedit.jEdit.MyFocusManager.postProcessKeyEvent(KeyEvent)	5111	5111
1546200	4525	org.gjt.sp.jedit.menu.RecentFilesProvider.update(JMenu)	2	2
1548902	-1	org.gjt.sp.jedit.TextUtilities.join(Collection,String)		682
 	5500	org.gjt.sp.jedit.TextUtilities.findWordStart(String,int,String,boolean,boolean)	4004	
 	5506	org.gjt.sp.jedit.TextUtilities.findWordEnd(String,int,String,boolean,boolean)	3768	
 	5509	org.gjt.sp.jedit.TextUtilities.getCharType(char,String)	3863	
 	5510	org.gjt.sp.jedit.TextUtilities.spacesToTabs(String,int)	5000	
 	5511	org.gjt.sp.jedit.TextUtilities.tabsToSpaces(String,int)	4760	
 	5512	org.gjt.sp.jedit.TextUtilities.format(String,int,int)	972	
 	5517	org.gjt.sp.jedit.TextUtilities.formatParagraph(String,int,int,StringBuilder)	2932	
 	3022	org.gjt.sp.jedit.textarea.JEditTextArea.formatParagraph()	682	
1549282	605	org.gjt.sp.jedit.Buffer.insertFile(View,String)	699	187
 	609	org.gjt.sp.jedit.Buffer.save(View,String,boolean)	187	
 	638	org.gjt.sp.jedit.Buffer.getDefaultProperty(String)	4505	
 	681	org.gjt.sp.jedit.Buffer.finishSaving(View,String,String,String,boolean,boolean)	208	
1560006	4767	org.gjt.sp.jedit.search.SearchDialog.showSearchDialog(View,String,int)	1	1
1560584	5354	org.gjt.sp.jedit.textarea.TextArea.addExplicitFold(int,int,int,int)	401	401
1565447	2302	org.gjt.sp.jedit.search.HyperSearchFileNode.goTo(EditPane)	4467	8
 	2305	org.gjt.sp.jedit.search.HyperSearchFileNode.getCount()	77	
 	2306	org.gjt.sp.jedit.search.HyperSearchFileNode.setCount(int)	76	
 	2320	org.gjt.sp.jedit.search.HyperSearchRequest.HyperSearchRequest(View,SearchMatcher,HyperSearchResults,Selection[])	8	
 	2321	org.gjt.sp.jedit.search.HyperSearchRequest.run()	19	
 	2323	org.gjt.sp.jedit.search.HyperSearchRequest.doHyperSearch(Buffer,int,int)	12	
 	2388	org.gjt.sp.jedit.search.HyperSearchResults.ResultCellRenderer.getTreeCellRendererComponent(JTree,Object,boolean,boolean,boolean,int,boolean)	47	
 	2389	org.gjt.sp.jedit.search.HyperSearchResults.ResultCellRenderer.CountNodes.processNode(DefaultMutableTreeNode)	46	
1569735	6129	org.gjt.sp.jedit.syntax.XModeHandler.endElement(String,String,String)	69	69
1570554	5775	org.gjt.sp.jedit.browser.VFSBrowser.setDirectory(String)	129	129
 	5804	org.gjt.sp.jedit.browser.VFSBrowser.ActionHandler.actionPerformed(ActionEvent)	1143	
 	5919	org.gjt.sp.jedit.browser.VFSFileChooserDialog.ok()	203	
1571629	5755	org.gjt.sp.jedit.browser.VFSBrowser.VFSBrowser(View,String,int,boolean,String)	19	14
 	5802	org.gjt.sp.jedit.browser.VFSBrowser.updateFilterEnabled()	14	
 	5804	org.gjt.sp.jedit.browser.VFSBrowser.ActionHandler.actionPerformed(ActionEvent)	34	
1571752	5260	org.gjt.sp.jedit.textarea.TextArea.userInput(char)	1489	69
 	5354	org.gjt.sp.jedit.textarea.TextArea.addExplicitFold(int,int,int,int)	69	
1574587	-1	org.gjt.sp.jedit.buffer.JEditBuffer.getUndoManager()		5
 	2876	org.gjt.sp.jedit.buffer.JEditBuffer.setDirty(boolean)	8	
 	792	org.gjt.sp.jedit.bufferio.BufferSaveRequest.run()	66	
 	1527	org.gjt.sp.jedit.options.EditingOptionPane._init()	99	
 	1528	org.gjt.sp.jedit.options.EditingOptionPane._save()	5	
 	1964	org.gjt.sp.jedit.options.GeneralOptionPane._init()	202	
 	1965	org.gjt.sp.jedit.options.GeneralOptionPane._save()	326	
 	-1	org.gjt.sp.jedit.buffer.UndoManager.bufferSaved()		
 	5648	org.gjt.sp.jedit.buffer.UndoManager.resetClearDirty()	50	
1575505	5304	org.gjt.sp.jedit.textarea.TextArea.joinLines()	768	768
 	-1	org.gjt.sp.jedit.textarea.TextArea.joinLines(Selection)		
 	5356	org.gjt.sp.jedit.textarea.TextArea.joinLineAt(int)	1227	
1576535	1556	org.gjt.sp.jedit.EditPane.loadCaretInfo()	121	121
1578785	4256	org.gjt.sp.jedit.PerspectiveManager.savePerspective(boolean)	363	5
 	4260	org.gjt.sp.jedit.PerspectiveManager.PerspectiveHandler.attribute(String,String)	366	
 	4262	org.gjt.sp.jedit.PerspectiveManager.PerspectiveHandler.endElement(String,String,String)	27	
 	614	org.gjt.sp.jedit.Buffer.getAutoReload()	6	
 	615	org.gjt.sp.jedit.Buffer.setAutoReload(boolean)	12	
 	616	org.gjt.sp.jedit.Buffer.getAutoReloadDialog()	5	
 	617	org.gjt.sp.jedit.Buffer.setAutoReloadDialog(boolean)	10	
 	-1	org.gjt.sp.jedit.Buffer.Buffer(String,boolean,boolean,Hashtable)		
 	770	org.gjt.sp.jedit.gui.BufferOptions.BufferOptions(View,Buffer)	501	
 	771	org.gjt.sp.jedit.gui.BufferOptions.ok()	1800	
 	773	org.gjt.sp.jedit.gui.BufferOptions.ActionHandler.actionPerformed(ActionEvent)	4946	
 	2759	org.gjt.sp.jedit.jEdit.checkBufferStatus(View)	376	
 	766	org.gjt.sp.jedit.options.BufferOptionPane.BufferOptionPane()	14	
 	767	org.gjt.sp.jedit.options.BufferOptionPane._init()	39	
 	768	org.gjt.sp.jedit.options.BufferOptionPane._save()	41	
 	769	org.gjt.sp.jedit.options.BufferOptionPane.ActionHandler.actionPerformed(ActionEvent)	3724	
 	1964	org.gjt.sp.jedit.options.GeneralOptionPane._init()	29	
 	1965	org.gjt.sp.jedit.options.GeneralOptionPane._save()	24	
1584436	-1	org.gjt.sp.jedit.textarea.Anchor.preContentRemoved(int,int)		
1589360	5404	org.gjt.sp.jedit.textarea.TextAreaMouseHandler.doSingleClick(MouseEvent)	19	19
 	5409	org.gjt.sp.jedit.textarea.TextAreaMouseHandler.doSingleDrag(MouseEvent)	116	
1593359	2431	org.gjt.sp.jedit.gui.InputHandler.processKeyEvent(KeyEvent,int,boolean)	50	50
1593375	1870	org.gjt.sp.jedit.gui.FilteredListModel.FilteredListModel(E)	229	8
 	1871	org.gjt.sp.jedit.gui.FilteredListModel.setList(JList)	1333	
 	1872	org.gjt.sp.jedit.gui.FilteredListModel.getDelegated()	3056	
 	1873	org.gjt.sp.jedit.gui.FilteredListModel.setDelegated(E)	5812	
 	1874	org.gjt.sp.jedit.gui.FilteredListModel.resetFilter()	18	
 	1875	org.gjt.sp.jedit.gui.FilteredListModel.setFilter(String)	40	
 	1876	org.gjt.sp.jedit.gui.FilteredListModel.prepareFilter(String)	8	
 	1877	org.gjt.sp.jedit.gui.FilteredListModel.saveSelection()	5528	
 	1878	org.gjt.sp.jedit.gui.FilteredListModel.restoreSelection(Set<Integer>)	6087	
 	1879	org.gjt.sp.jedit.gui.FilteredListModel.getTrueRow(int)	817	
 	1880	org.gjt.sp.jedit.gui.FilteredListModel.getInternal2ExternalRow(int)	5470	
 	1881	org.gjt.sp.jedit.gui.FilteredListModel.getElementAt(int)	6065	
 	1882	org.gjt.sp.jedit.gui.FilteredListModel.getSize()	50	
 	1883	org.gjt.sp.jedit.gui.FilteredListModel.contentsChanged(ListDataEvent)	25	
 	1884	org.gjt.sp.jedit.gui.FilteredListModel.intervalAdded(ListDataEvent)	26	
 	1885	org.gjt.sp.jedit.gui.FilteredListModel.intervalRemoved(ListDataEvent)	29	
 	3255	org.gjt.sp.jedit.gui.LogViewer.LogViewer()	38	
 	3261	org.gjt.sp.jedit.gui.LogViewer.setFilter()	16	
1593389	5779	org.gjt.sp.jedit.browser.VFSBrowser.delete(VFSFile[])	19	3
 	1847	org.gjt.sp.jedit.io.FileVFS.recursiveDelete(File)	3	
 	1861	org.gjt.sp.jedit.io.FileVFS._delete(Object,String,Component)	21	
1593464	1803	org.gjt.sp.jedit.browser.FileCellRenderer.getIconForFile(VFSFile,boolean,boolean)	16	6
 	1804	org.gjt.sp.jedit.browser.FileCellRenderer.propertiesChanged()	32	
 	1841	org.gjt.sp.jedit.io.FileVFS.getParentOfPath(String)	1295	
 	1852	org.gjt.sp.jedit.io.FileVFS.LocalFile.getIcon(boolean,boolean)	6	
 	5882	org.gjt.sp.jedit.io.VFSFile.getIcon(boolean)	19	
 	5883	org.gjt.sp.jedit.io.VFSFile.getIcon(boolean,boolean)	22	
 	5884	org.gjt.sp.jedit.io.VFSFile.getDefaultIcon(boolean,boolean)	28	
 	5885	org.gjt.sp.jedit.io.VFSFile.getDefaultIcon(boolean)	8	
 	319	org.gjt.sp.jedit.options.BrowserOptionPane._init()	99	
 	320	org.gjt.sp.jedit.options.BrowserOptionPane._save()	234	
1593523	2314	org.gjt.sp.jedit.search.HyperSearchOperationNode.restoreFlatNodes(JTree,DefaultMutableTreeNode)	34	34
1593526	2355	org.gjt.sp.jedit.search.HyperSearchResults.removeSelectedNode()	161	161
1593543	642	org.gjt.sp.jedit.Buffer.setMode()	2396	446
 	728	org.gjt.sp.jedit.BufferHistory.setEntry(String,int,Selection[],String,String)	2441	
 	732	org.gjt.sp.jedit.BufferHistory.save()	534	
 	725	org.gjt.sp.jedit.BufferHistory.Entry.Entry(String,int,String,String,String)	5072	
 	740	org.gjt.sp.jedit.BufferHistory.RecentHandler.endElement(String,String,String)	5135	
 	1555	org.gjt.sp.jedit.EditPane.saveCaretInfo()	1249	
 	2743	org.gjt.sp.jedit.jEdit._closeBuffer(View,Buffer)	472	
 	2745	org.gjt.sp.jedit.jEdit.closeAllBuffers(View,boolean)	446	
 	-1	org.gjt.sp.jedit.jEdit.composeBufferPropsFromHistory(Hashtable,String)		
1593576	2903	org.gjt.sp.jedit.buffer.JEditBuffer.indentLine(int,boolean)	2	2
 	2906	org.gjt.sp.jedit.buffer.JEditBuffer.getIdealIndentForLine(int,int,int)	15	
 	2905	org.gjt.sp.jedit.buffer.JEditBuffer.getIdealIndentForLine(int)	17	
 	4997	org.gjt.sp.util.StandardUtilities.truncateWhiteSpace(int,int,String)	12	
1593735	3709	org.gjt.sp.jedit.gui.OptionsDialog.valueChanged(TreeSelectionEvent)	64	29
 	3710	org.gjt.sp.jedit.gui.OptionsDialog.init(String,String)	29	
 	-1	org.gjt.sp.jedit.gui.OptionsDialog.selectPane(OptionGroup,String,List)		
 	3716	org.gjt.sp.jedit.gui.OptionsDialog.PaneNameRenderer.getTreeCellRendererComponent(JTree,Object,boolean,boolean,boolean,int,boolean)	311	
1594234	3699	org.gjt.sp.jedit.OptionGroup.insertionSort(String,Object)	1489	10
 	4751	org.gjt.sp.jedit.search.SearchBar.SearchBar(View,boolean)	21	
 	4757	org.gjt.sp.jedit.search.SearchBar.incrementalSearch(int,boolean)	10	
 	4758	org.gjt.sp.jedit.search.SearchBar.timerIncrementalSearch(int,boolean)	53	
1594910	637	org.gjt.sp.jedit.Buffer.propertiesChanged()	705	23
 	3527	org.gjt.sp.jedit.Mode.getIndentRules()	23	
 	3528	org.gjt.sp.jedit.Mode.isElectricKey(char)	198	
 	3529	org.gjt.sp.jedit.Mode.initIndentRules()	93	
 	3530	org.gjt.sp.jedit.Mode.createRegexpIndentRule(String)	62	
 	3531	org.gjt.sp.jedit.Mode.createBracketIndentRules(String,List<IndentRule>)	83	
 	2866	org.gjt.sp.jedit.buffer.JEditBuffer.JEditBuffer(Map)	2586	
 	2867	org.gjt.sp.jedit.buffer.JEditBuffer.JEditBuffer()	3430	
 	2905	org.gjt.sp.jedit.buffer.JEditBuffer.getIdealIndentForLine(int)	55	
 	2911	org.gjt.sp.jedit.buffer.JEditBuffer.isElectricKey(char)	122	
 	2912	org.gjt.sp.jedit.buffer.JEditBuffer.isElectricKey(char,int)	44	
 	2987	org.gjt.sp.jedit.buffer.JEditBuffer.getIndentRules(int)	25	
 	3020	org.gjt.sp.jedit.textarea.JEditTextArea.userInput(char)	2740	
1599024	4639	org.gjt.sp.jedit.menu.ReloadWithEncodingProvider.updateEveryTime()	4776	1
 	4640	org.gjt.sp.jedit.menu.ReloadWithEncodingProvider.update(JMenu)	8	
 	4641	org.gjt.sp.jedit.menu.ReloadWithEncodingProvider.actionPerformed(ActionEvent)	1	
1599709	2987	org.gjt.sp.jedit.buffer.JEditBuffer.getIndentRules(int)	1353	1353
1600401	5548	org.gjt.sp.jedit.syntax.TokenMarker.handleRule(ParserRule,boolean)	2295	2295
1601718	4724	org.gjt.sp.jedit.search.SearchAndReplace.getSearchMatcher()	74	40
 	4729	org.gjt.sp.jedit.search.SearchAndReplace.hyperSearch(View,boolean)	105	
 	4730	org.gjt.sp.jedit.search.SearchAndReplace.find(View)	139	
 	4733	org.gjt.sp.jedit.search.SearchAndReplace.replace(View)	61	
 	4735	org.gjt.sp.jedit.search.SearchAndReplace.replaceAll(View)	40	
 	4742	org.gjt.sp.jedit.search.SearchAndReplace.record(View,String,boolean,boolean)	58	
1608486	1576	org.gjt.sp.jedit.EditPane.initPainter(TextAreaPainter)	794	1
 	5418	org.gjt.sp.jedit.options.TextAreaOptionPane._init()	133	
 	5419	org.gjt.sp.jedit.options.TextAreaOptionPane._save()	489	
 	5440	org.gjt.sp.jedit.textarea.TextAreaPainter.isThickCaretEnabled()	8	
 	5441	org.gjt.sp.jedit.textarea.TextAreaPainter.setThickCaretEnabled(boolean)	1	
 	5481	org.gjt.sp.jedit.textarea.TextAreaPainter.PaintCaret.paintValidLine(Graphics2D,int,int,int,int,int)	48	
1608948	5825	org.gjt.sp.jedit.browser.VFSBrowser.HistoryComboBoxEditor.processFocusEvent(FocusEvent)	1	1
1611766	2987	org.gjt.sp.jedit.buffer.JEditBuffer.getIndentRules(int)	1	1
1617509	1975	org.gjt.sp.jedit.io.GlobVFSFileFilter.accept(VFSFile)	101	101
 	1979	org.gjt.sp.jedit.io.GlobVFSFileFilter.setGlob(String)	2296	
1620694	722	org.gjt.sp.jedit.textarea.BufferHandler.delayUpdate(int,int)	4066	46
 	5109	org.gjt.sp.jedit.textarea.TextArea.TextArea(IPropertyManager,InputHandlerProvider)	46	
 	5128	org.gjt.sp.jedit.textarea.TextArea.setBuffer(JEditBuffer)	439	
 	5317	org.gjt.sp.jedit.textarea.TextArea.propertiesChanged()	4753	
 	5325	org.gjt.sp.jedit.textarea.TextArea.foldStructureChanged()	1449	
 	5333	org.gjt.sp.jedit.textarea.TextArea.finishCaretUpdate(int,int,boolean)	98	
 	5420	org.gjt.sp.jedit.textarea.TextAreaPainter.setBounds(int,int,int,int)	220	
 	5468	org.gjt.sp.jedit.textarea.TextAreaPainter.paint(Graphics)	917	
1628053	1547	org.gjt.sp.jedit.EditPane.setBuffer(Buffer,boolean)	90	90
 	853	org.gjt.sp.jedit.gui.BufferSwitcher.updateBufferList()	98	
1630805	4137	org.gjt.sp.jedit.syntax.ParserRule.createSequenceRule(int,String,ParserRuleSet,byte)	6385	153
 	4139	org.gjt.sp.jedit.syntax.ParserRule.createRegexpSequenceRule(String,int,String,ParserRuleSet,byte,boolean)	2574	
 	4140	org.gjt.sp.jedit.syntax.ParserRule.createRegexpSequenceRule(int,char[],String,ParserRuleSet,byte,boolean)	1020	
 	4150	org.gjt.sp.jedit.syntax.ParserRule.createEscapeRule(String)	153	
 	4151	org.gjt.sp.jedit.syntax.ParserRule.toString()	2318	
 	5546	org.gjt.sp.jedit.syntax.TokenMarker.markTokens(LineContext,TokenHandler,Segment)	1153	
 	5547	org.gjt.sp.jedit.syntax.TokenMarker.checkDelegateEnd(ParserRule)	5874	
1638642	2068	org.gjt.sp.jedit.GUIUtilities.initContinuousLayout(JSplitPane)	1	1
 	-1	org.gjt.sp.jedit.GUIUtilities.SizeSaver.SizeSaver(Frame,String)		
 	5995	org.gjt.sp.jedit.View.split(int)	5	
 	6037	org.gjt.sp.jedit.View.restoreSplitConfig(Buffer,String)	38	
 	6038	org.gjt.sp.jedit.View.propertiesChanged()	48	
 	321	org.gjt.sp.jedit.browser.BrowserView.BrowserView(VFSBrowser)	41	
 	332	org.gjt.sp.jedit.browser.BrowserView.propertiesChanged()	6	
 	341	org.gjt.sp.jedit.browser.BrowserView.TableMouseHandler.mouseClicked(MouseEvent)	2326	
 	3710	org.gjt.sp.jedit.gui.OptionsDialog.init(String,String)	35	
 	4620	org.gjt.sp.jedit.gui.RegisterViewer.RegisterViewer(View,String)	136	
 	4622	org.gjt.sp.jedit.gui.RegisterViewer.handleMessage(EBMessage)	92	
 	4627	org.gjt.sp.jedit.gui.RegisterViewer.refreshList()	2336	
 	2212	org.gjt.sp.jedit.help.HelpViewer.HelpViewer(String)	75	
 	2217	org.gjt.sp.jedit.help.HelpViewer.handleMessage(EBMessage)	468	
 	189	org.gjt.sp.jedit.options.AppearanceOptionPane._init()	159	
 	190	org.gjt.sp.jedit.options.AppearanceOptionPane._save()	265	
 	2456	org.gjt.sp.jedit.pluginmgr.InstallPanel.InstallPanel(PluginManager,boolean)	141	
 	2460	org.gjt.sp.jedit.pluginmgr.InstallPanel.formatSize(int)	5013	
1641997	1964	org.gjt.sp.jedit.options.GeneralOptionPane._init()	47	47
1642574	1575	org.gjt.sp.jedit.EditPane.propertiesChanged()	643	52
 	6065	org.gjt.sp.jedit.options.ViewOptionPane._init()	52	
 	6066	org.gjt.sp.jedit.options.ViewOptionPane._save()	157	
1645528	4261	org.gjt.sp.jedit.PerspectiveManager.PerspectiveHandler.skipRemote(String)	245	245
 	4262	org.gjt.sp.jedit.PerspectiveManager.PerspectiveHandler.endElement(String,String,String)	366	
 	1964	org.gjt.sp.jedit.options.GeneralOptionPane._init()	378	
 	1965	org.gjt.sp.jedit.options.GeneralOptionPane._save()	555	
1646058	2354	org.gjt.sp.jedit.search.HyperSearchResults.goToSelectedNode(int)	19	19
 	2355	org.gjt.sp.jedit.search.HyperSearchResults.removeSelectedNode()	31	
 	2365	org.gjt.sp.jedit.search.HyperSearchResults.KeyHandler.keyPressed(KeyEvent)	43	
 	2366	org.gjt.sp.jedit.search.HyperSearchResults.MouseHandler.mousePressed(MouseEvent)	91	
 	2369	org.gjt.sp.jedit.search.HyperSearchResults.RemoveTreeNodeAction.actionPerformed(ActionEvent)	127	
1649033	2031	org.gjt.sp.jedit.GUIUtilities.showVFSFileDialog(View,String,int,boolean)	139	62
 	2032	org.gjt.sp.jedit.GUIUtilities.showVFSFileDialog(Dialog,View,String,int,boolean)	114	
 	5914	org.gjt.sp.jedit.browser.VFSFileChooserDialog.VFSFileChooserDialog(View,String,int,boolean,boolean)	85	
 	5915	org.gjt.sp.jedit.browser.VFSFileChooserDialog.VFSFileChooserDialog(Dialog,View,String,int,boolean,boolean)	84	
 	5922	org.gjt.sp.jedit.browser.VFSFileChooserDialog.getDefaultTitle()	4323	
 	5923	org.gjt.sp.jedit.browser.VFSFileChooserDialog._init(View,String,int,boolean,boolean)	245	
 	4788	org.gjt.sp.jedit.search.SearchDialog.MultiFileActionHandler.actionPerformed(ActionEvent)	62	
1654543	5703	org.gjt.sp.jedit.gui.VariableGridLayout.getLayoutSize(Container,LayoutSize)	5887	5887
1658252	4137	org.gjt.sp.jedit.syntax.ParserRule.createSequenceRule(int,String,ParserRuleSet,byte)	300	154
 	4139	org.gjt.sp.jedit.syntax.ParserRule.createRegexpSequenceRule(String,int,String,ParserRuleSet,byte,boolean)	461	
 	4140	org.gjt.sp.jedit.syntax.ParserRule.createRegexpSequenceRule(int,char[],String,ParserRuleSet,byte,boolean)	462	
 	-1	org.gjt.sp.jedit.syntax.ParserRule.createSpanRule(int,String,int,String,ParserRuleSet,byte,byte,boolean,boolean,boolean)		
 	-1	org.gjt.sp.jedit.syntax.ParserRule.createRegexpSpanRule(char,int,String,int,String,ParserRuleSet,byte,byte,boolean,boolean,boolean,boolean)		
 	-1	org.gjt.sp.jedit.syntax.ParserRule.createRegexpSpanRule(String,int,String,int,String,ParserRuleSet,byte,byte,boolean,boolean,boolean,boolean)		
 	-1	org.gjt.sp.jedit.syntax.ParserRule.createRegexpSpanRule(int,char[],String,int,String,ParserRuleSet,byte,byte,boolean,boolean,boolean,boolean)		
 	4144	org.gjt.sp.jedit.syntax.ParserRule.createEOLSpanRule(int,String,ParserRuleSet,byte,byte)	209	
 	4145	org.gjt.sp.jedit.syntax.ParserRule.createRegexpEOLSpanRule(char,int,String,ParserRuleSet,byte,byte,boolean)	341	
 	4146	org.gjt.sp.jedit.syntax.ParserRule.createRegexpEOLSpanRule(String,int,String,ParserRuleSet,byte,byte,boolean)	313	
 	4147	org.gjt.sp.jedit.syntax.ParserRule.createRegexpEOLSpanRule(int,char[],String,ParserRuleSet,byte,byte,boolean)	317	
 	4148	org.gjt.sp.jedit.syntax.ParserRule.createMarkFollowingRule(int,String,byte,byte)	162	
 	4149	org.gjt.sp.jedit.syntax.ParserRule.createMarkPreviousRule(int,String,byte,byte)	154	
 	4150	org.gjt.sp.jedit.syntax.ParserRule.createEscapeRule(String)	723	
 	4151	org.gjt.sp.jedit.syntax.ParserRule.toString()	298	
 	-1	org.gjt.sp.jedit.syntax.ParserRule.ParserRule(int,String,int,char[],Pattern,int,char[],ParserRuleSet,byte,byte)		
 	-1	org.gjt.sp.jedit.syntax.ParserRule.ParserRule(char[],int,int,char[],Pattern,int,char[],ParserRuleSet,byte,byte)		
 	5547	org.gjt.sp.jedit.syntax.TokenMarker.checkDelegateEnd(ParserRule)	1173	
 	-1	org.gjt.sp.jedit.syntax.TokenMarker.handleRule(ParserRule,boolean,boolean)		
 	5553	org.gjt.sp.jedit.syntax.TokenMarker.matchToken(ParserRule,ParserRule,LineContext)	158	
 	6129	org.gjt.sp.jedit.syntax.XModeHandler.endElement(String,String,String)	867	
 	6139	org.gjt.sp.jedit.syntax.XModeHandler.TagDecl.TagDecl(String,Attributes)	396	
1659666	5494	org.gjt.sp.jedit.TextUtilities.getComplementaryBracket(char,boolean[])	114	114
 	5546	org.gjt.sp.jedit.syntax.TokenMarker.markTokens(LineContext,TokenHandler,Segment)	3059	
 	5552	org.gjt.sp.jedit.syntax.TokenMarker.substitute(Matcher,char[])	754	
1663617	2731	org.gjt.sp.jedit.jEdit.openFile(View,String,String,boolean,Hashtable)	205	205
1664900	2399	org.gjt.sp.jedit.indent.IndentAction.Collapse.Collapse()	4648	31
 	3667	org.gjt.sp.jedit.indent.OpenBracketIndentRule.apply(JEditBuffer,int,int,int,List<IndentAction>)	35	
 	3669	org.gjt.sp.jedit.indent.OpenBracketIndentRule.handleCollapse(List<IndentAction>,boolean)	31	
 	4580	org.gjt.sp.jedit.indent.RegexpIndentRule.apply(JEditBuffer,int,int,int,List<IndentAction>)	40	
1668893	3462	org.gjt.sp.jedit.MiscUtilities.autodetect(InputStream,Buffer)	172	30
 	750	org.gjt.sp.jedit.bufferio.BufferIORequest.write(Buffer,OutputStream)	30	
1671312	2324	org.gjt.sp.jedit.search.HyperSearchRequest.doHyperSearch(Buffer,int,int,DefaultMutableTreeNode)	17	3
 	4248	org.gjt.sp.jedit.search.PatternSearchMatcher.nextMatch(CharSequence,boolean,boolean,boolean,boolean)	3	
 	4724	org.gjt.sp.jedit.search.SearchAndReplace.getSearchMatcher()	224	
 	4730	org.gjt.sp.jedit.search.SearchAndReplace.find(View)	499	
 	4733	org.gjt.sp.jedit.search.SearchAndReplace.replace(View)	290	
 	4744	org.gjt.sp.jedit.search.SearchAndReplace._replace(View,JEditBuffer,SearchMatcher,int,int,boolean)	24	
1676041	5500	org.gjt.sp.jedit.TextUtilities.findWordStart(String,int,String,boolean,boolean)	14	4
 	5501	org.gjt.sp.jedit.TextUtilities.findWordStart(String,int,String,boolean,boolean,boolean)	4	
 	5506	org.gjt.sp.jedit.TextUtilities.findWordEnd(String,int,String,boolean,boolean)	15	
 	5507	org.gjt.sp.jedit.TextUtilities.findWordEnd(String,int,String,boolean,boolean,boolean)	5	
 	1527	org.gjt.sp.jedit.options.EditingOptionPane._init()	93	
 	1528	org.gjt.sp.jedit.options.EditingOptionPane._save()	1055	
 	1529	org.gjt.sp.jedit.options.EditingOptionPane.saveMode()	65	
 	1530	org.gjt.sp.jedit.options.EditingOptionPane.selectMode()	74	
 	1531	org.gjt.sp.jedit.options.EditingOptionPane.updateEnabled()	134	
 	1535	org.gjt.sp.jedit.options.EditingOptionPane.ModeProperties.load()	54	
 	1536	org.gjt.sp.jedit.options.EditingOptionPane.ModeProperties.save()	238	
 	5185	org.gjt.sp.jedit.textarea.TextArea.selectWord()	31	
 	5238	org.gjt.sp.jedit.textarea.TextArea.goToNextWord(boolean,boolean)	32	
 	5245	org.gjt.sp.jedit.textarea.TextArea.goToPrevWord(boolean,boolean)	34	
 	5266	org.gjt.sp.jedit.textarea.TextArea.backspaceWord(boolean)	28	
 	5273	org.gjt.sp.jedit.textarea.TextArea.deleteWord(boolean)	29	
 	5405	org.gjt.sp.jedit.textarea.TextAreaMouseHandler.doDoubleClick()	40	
1687264	2355	org.gjt.sp.jedit.search.HyperSearchResults.removeSelectedNode()	174	174
1694133	345	org.gjt.sp.jedit.browser.BrowserView.ParentDirectoryList.processKeyEvent(KeyEvent)	220	107
 	5773	org.gjt.sp.jedit.browser.VFSBrowser.previousDirectory()	986	
 	5774	org.gjt.sp.jedit.browser.VFSBrowser.nextDirectory()	456	
 	5775	org.gjt.sp.jedit.browser.VFSBrowser.setDirectory(String)	311	
 	5841	org.gjt.sp.jedit.browser.VFSDirectoryEntryTable.processKeyEvent(KeyEvent)	107	
 	5934	org.gjt.sp.jedit.browser.VFSFileNameField.processKeyEvent(KeyEvent)	218	
1708876	3446	org.gjt.sp.jedit.MiscUtilities.getFileExtension(String)	566	566
1708881	5853	org.gjt.sp.jedit.browser.VFSDirectoryEntryTable.MouseHandler.mousePressed(MouseEvent)	11	11
1723506	3040	org.gjt.sp.jedit.textarea.JEditTextArea.showPopupMenu()	281	281
1724940	716	org.gjt.sp.jedit.textarea.BufferHandler.contentInserted(JEditBuffer,int,int,int,int)	376	149
 	719	org.gjt.sp.jedit.textarea.BufferHandler.contentRemoved(JEditBuffer,int,int,int,int)	149	
1730845	1573	org.gjt.sp.jedit.EditPane.EditPane(View,Buffer,BufferSet.Scope)	11	3
 	1575	org.gjt.sp.jedit.EditPane.propertiesChanged()	3	
 	2135	org.gjt.sp.jedit.options.GutterOptionPane._init()	6	
 	2136	org.gjt.sp.jedit.options.GutterOptionPane._save()	7	
 	2139	org.gjt.sp.jedit.options.GutterOptionPane.isGutterEnabled()	9	
 	2082	org.gjt.sp.jedit.textarea.Gutter.Gutter(TextArea)	54	
 	2091	org.gjt.sp.jedit.textarea.Gutter.setBorder(Border)	335	
 	2098	org.gjt.sp.jedit.textarea.Gutter.setFont(Font)	428	
 	2099	org.gjt.sp.jedit.textarea.Gutter.setGutterEnabled(boolean)	129	
 	2110	org.gjt.sp.jedit.textarea.Gutter.getPreferredSize()	114	
 	2125	org.gjt.sp.jedit.textarea.Gutter.setSelectionPopupHandler(GutterPopupHandler)	233	
 	2127	org.gjt.sp.jedit.textarea.Gutter.paintLine(Graphics2D,int,int)	117	
 	2130	org.gjt.sp.jedit.textarea.Gutter.MouseHandler.mousePressed(MouseEvent)	53	
 	2131	org.gjt.sp.jedit.textarea.Gutter.MouseHandler.mouseDragged(MouseEvent)	71	
 	2132	org.gjt.sp.jedit.textarea.Gutter.MouseHandler.getFoldEndOffset(int)	143	
 	2133	org.gjt.sp.jedit.textarea.Gutter.MouseHandler.mouseReleased(MouseEvent)	319	
1739675	6072	org.gjt.sp.jedit.indent.WhitespaceRule.apply(JEditBuffer,int,int,int,List<IndentAction>)	5166	5166
1744674	2301	org.gjt.sp.jedit.search.HyperSearchFileNode.getBuffer(View)	14	7
 	2302	org.gjt.sp.jedit.search.HyperSearchFileNode.goTo(EditPane)	163	
 	2325	org.gjt.sp.jedit.search.HyperSearchResult.getBuffer(View)	7	
 	2327	org.gjt.sp.jedit.search.HyperSearchResult.goTo(EditPane)	632	
 	2351	org.gjt.sp.jedit.search.HyperSearchResults.searchDone(DefaultMutableTreeNode)	177	
 	2354	org.gjt.sp.jedit.search.HyperSearchResults.goToSelectedNode(int)	36	
1747300	1575	org.gjt.sp.jedit.EditPane.propertiesChanged()	143	45
 	2135	org.gjt.sp.jedit.options.GutterOptionPane._init()	166	
 	2136	org.gjt.sp.jedit.options.GutterOptionPane._save()	135	
 	2138	org.gjt.sp.jedit.options.GutterOptionPane.addFoldStyleChooser()	45	
 	-1	org.gjt.sp.jedit.textarea.CircleFoldPainter.paintFoldEnd(Gutter,Graphics2D,int,int,int,int,JEditBuffer)		
 	-1	org.gjt.sp.jedit.textarea.CircleFoldPainter.paintFoldMiddle(Gutter,Graphics2D,int,int,int,int,JEditBuffer)		
 	-1	org.gjt.sp.jedit.textarea.CircleFoldPainter.paintFoldStart(Gutter,Graphics2D,int,int,boolean,int,int,JEditBuffer)		
 	-1	org.gjt.sp.jedit.textarea.Gutter.getFoldPainterName()		
 	-1	org.gjt.sp.jedit.textarea.Gutter.setFoldPainter(String)		
 	2082	org.gjt.sp.jedit.textarea.Gutter.Gutter(TextArea)	100	
 	2127	org.gjt.sp.jedit.textarea.Gutter.paintLine(Graphics2D,int,int)	158	
 	-1	org.gjt.sp.jedit.textarea.SquareFoldPainter.paintFoldEnd(Gutter,Graphics2D,int,int,int,int,JEditBuffer)		
 	-1	org.gjt.sp.jedit.textarea.SquareFoldPainter.paintFoldStart(Gutter,Graphics2D,int,int,boolean,int,int,JEditBuffer)		
 	-1	org.gjt.sp.jedit.textarea.SquareFoldPainter.paintFoldMiddle(Gutter,Graphics2D,int,int,int,int,JEditBuffer)		
 	5598	org.gjt.sp.jedit.textarea.TriangleFoldPainter.paintFoldStart(Gutter,Graphics2D,int,int,boolean,int,int,JEditBuffer)	466	
 	5599	org.gjt.sp.jedit.textarea.TriangleFoldPainter.paintFoldEnd(Gutter,Graphics2D,int,int,int,int,JEditBuffer)	148	
 	5600	org.gjt.sp.jedit.textarea.TriangleFoldPainter.paintFoldMiddle(Gutter,Graphics2D,int,int,int,int,JEditBuffer)	85	
1748509	2033	org.gjt.sp.jedit.GUIUtilities.showVFSFileDialog(Frame,View,String,int,boolean)	378	24
 	5916	org.gjt.sp.jedit.browser.VFSFileChooserDialog.VFSFileChooserDialog(Frame,View,String,int,boolean,boolean)	856	
 	2456	org.gjt.sp.jedit.pluginmgr.InstallPanel.InstallPanel(PluginManager,boolean)	475	
 	2457	org.gjt.sp.jedit.pluginmgr.InstallPanel.loadPluginSet(String)	24	
 	2476	org.gjt.sp.jedit.pluginmgr.InstallPanel.PluginTableModel.restoreSelection(Set<String>,Set<String>)	381	
 	2488	org.gjt.sp.jedit.pluginmgr.InstallPanel.StringMapHandler.StringMapHandler()	425	
 	2489	org.gjt.sp.jedit.pluginmgr.InstallPanel.StringMapHandler.startElement(String,String,String,Attributes)	540	
 	2490	org.gjt.sp.jedit.pluginmgr.InstallPanel.ChoosePluginSet.ChoosePluginSet()	38	
 	2491	org.gjt.sp.jedit.pluginmgr.InstallPanel.ChoosePluginSet.updateUI()	487	
 	2492	org.gjt.sp.jedit.pluginmgr.InstallPanel.ChoosePluginSet.actionPerformed(ActionEvent)	29	
 	2493	org.gjt.sp.jedit.pluginmgr.InstallPanel.ClearPluginSet.ClearPluginSet()	51	
 	2494	org.gjt.sp.jedit.pluginmgr.InstallPanel.ClearPluginSet.actionPerformed(ActionEvent)	159	
 	3328	org.gjt.sp.jedit.pluginmgr.ManagePanel.ManagePanel(PluginManager)	489	
 	3358	org.gjt.sp.jedit.pluginmgr.ManagePanel.SaveButton.SaveButton()	70	
 	-1	org.gjt.sp.jedit.pluginmgr.ManagePanel.SaveButton.saveState(String,StringList)		
 	3360	org.gjt.sp.jedit.pluginmgr.ManagePanel.SaveButton.actionPerformed(ActionEvent)	55	
1749475	4914	org.gjt.sp.jedit.options.ShortcutsOptionPane._init()	1	1
 	4916	org.gjt.sp.jedit.options.ShortcutsOptionPane.setFilter()	2	
 	4917	org.gjt.sp.jedit.options.ShortcutsOptionPane.initModels()	39	
 	4922	org.gjt.sp.jedit.options.ShortcutsOptionPane.TableMouseHandler.mouseClicked(MouseEvent)	45	
 	-1	org.gjt.sp.jedit.options.ShortcutsOptionPane.ShortcutsModel.ShortcutsModel(String,Vector<GrabKeyDialog.KeyBinding[]>)		
 	-1	org.gjt.sp.jedit.options.ShortcutsOptionPane.ShortcutsModel.resetFilter()		
 	-1	org.gjt.sp.jedit.options.ShortcutsOptionPane.ShortcutsModel.setFilter(String)		
 	4925	org.gjt.sp.jedit.options.ShortcutsOptionPane.ShortcutsModel.getBindings()	5290	
 	4928	org.gjt.sp.jedit.options.ShortcutsOptionPane.ShortcutsModel.getRowCount()	6249	
 	4929	org.gjt.sp.jedit.options.ShortcutsOptionPane.ShortcutsModel.getValueAt(int,int)	375	
 	4930	org.gjt.sp.jedit.options.ShortcutsOptionPane.ShortcutsModel.setValueAt(Object,int,int)	75	
 	-1	org.gjt.sp.jedit.options.ShortcutsOptionPane.ShortcutsModel.getFilteredBindingAt(int,int)		
1768638	608	org.gjt.sp.jedit.Buffer.save(View,String)	239	2
 	609	org.gjt.sp.jedit.Buffer.save(View,String,boolean)	143	
 	610	org.gjt.sp.jedit.Buffer.save(View,String,boolean,boolean)	6	
 	1622	org.gjt.sp.jedit.EditServer.handleClient(boolean,boolean,boolean,String,String[])	117	
 	6005	org.gjt.sp.jedit.View.setBuffer(Buffer)	83	
 	6006	org.gjt.sp.jedit.View.setBuffer(Buffer,boolean)	2	
 	6008	org.gjt.sp.jedit.View.goToBuffer(Buffer)	47	
 	6054	org.gjt.sp.jedit.View.WindowHandler.windowActivated(WindowEvent)	4	
 	1056	org.gjt.sp.jedit.gui.CloseDialog.ActionHandler.actionPerformed(ActionEvent)	162	
 	2688	org.gjt.sp.jedit.jEdit.getIntegerProperty(String)	1918	
 	2727	org.gjt.sp.jedit.jEdit.openFiles(View,String,String[])	496	
 	2731	org.gjt.sp.jedit.jEdit.openFile(View,String,String,boolean,Hashtable)	46	
 	2747	org.gjt.sp.jedit.jEdit.saveAllBuffers(View,boolean)	5	
 	2759	org.gjt.sp.jedit.jEdit.checkBufferStatus(View)	17	
 	2760	org.gjt.sp.jedit.jEdit.checkBufferStatus(View,boolean)	8	
 	-1	org.gjt.sp.jedit.jEdit.finishStartup(boolean,boolean,String,String[])		
 	1964	org.gjt.sp.jedit.options.GeneralOptionPane._init()	3	
 	1965	org.gjt.sp.jedit.options.GeneralOptionPane._save()	157	
 	4732	org.gjt.sp.jedit.search.SearchAndReplace.find(View,Buffer,int,boolean,boolean)	780	
1781853	2456	org.gjt.sp.jedit.pluginmgr.InstallPanel.InstallPanel(PluginManager,boolean)	13	7
 	2471	org.gjt.sp.jedit.pluginmgr.InstallPanel.PluginTableModel.sort(int)	512	
 	2498	org.gjt.sp.jedit.pluginmgr.InstallPanel.EntryCompare.EntryCompare(int,int)	5974	
 	-1	org.gjt.sp.jedit.pluginmgr.InstallPanel.EntryCompare.compare(Object,Object)		
 	2500	org.gjt.sp.jedit.pluginmgr.InstallPanel.HeaderMouseHandler.mouseClicked(MouseEvent)	7	
 	2506	org.gjt.sp.jedit.pluginmgr.InstallPanel.HeaderRenderer.HeaderRenderer(DefaultTableCellRenderer)	558	
 	2507	org.gjt.sp.jedit.pluginmgr.InstallPanel.HeaderRenderer.getTableCellRendererComponent(JTable,Object,boolean,boolean,int,int)	82	
1788847	682	org.gjt.sp.jedit.Buffer.editSyntaxStyle(JEditTextArea)	1	1
 	5062	org.gjt.sp.jedit.gui.StyleEditor.StyleEditor(JDialog,SyntaxStyle,String)	7	
 	5063	org.gjt.sp.jedit.gui.StyleEditor.StyleEditor(JFrame,SyntaxStyle,String)	8	
 	5064	org.gjt.sp.jedit.gui.StyleEditor.initialize(Component,SyntaxStyle,String)	52	
 	5065	org.gjt.sp.jedit.gui.StyleEditor.actionPerformed(ActionEvent)	516	
 	5066	org.gjt.sp.jedit.gui.StyleEditor.ok()	4089	
 	5067	org.gjt.sp.jedit.gui.StyleEditor.cancel()	5288	
 	5068	org.gjt.sp.jedit.gui.StyleEditor.getStyle()	47	
 	5074	org.gjt.sp.jedit.options.SyntaxHiliteOptionPane.MouseHandler.mouseClicked(MouseEvent)	2	
1789707	1632	org.gjt.sp.jedit.io.EncodingServer.hasEncoding(String)	21	3
 	6120	org.gjt.sp.jedit.io.XMLEncodingDetector.getXMLEncoding(String)	3	
1818140	2265	org.gjt.sp.jedit.gui.HistoryText.showPopupMenu(String,int,int)	133	56
 	3229	org.gjt.sp.jedit.gui.ListModelEditor.open(DefaultListModel)	97	
 	3230	org.gjt.sp.jedit.gui.ListModelEditor.createTableModel(DefaultListModel)	73	
 	3231	org.gjt.sp.jedit.gui.ListModelEditor.updatelistModel(DefaultListModel,DefaultTableModel)	56	
1825720	692	org.gjt.sp.jedit.bufferio.BufferAutosaveRequest.run()	95	95
1834620	4748	org.gjt.sp.jedit.search.SearchAndReplace.regexpReplace(SearchMatcher.Match,String)	51	51
1854542	631	org.gjt.sp.jedit.Buffer.setDirty(boolean)	3981	63
 	5755	org.gjt.sp.jedit.browser.VFSBrowser.VFSBrowser(View,String,int,boolean,String)	63	
1866836	1125	org.gjt.sp.jedit.gui.CompleteWord.completeWord(View)	97	77
 	1140	org.gjt.sp.jedit.gui.CompleteWord.Words.complete(int)	77	
1869978	2816	org.gjt.sp.jedit.jEdit.addBufferToList(Buffer)	159	159
1883809	5219	org.gjt.sp.jedit.textarea.TextArea.centerCaret()	35	35
1887293	6040	org.gjt.sp.jedit.View.loadToolBars()	4	4
 	4751	org.gjt.sp.jedit.search.SearchBar.SearchBar(View,boolean)	41	
 	4755	org.gjt.sp.jedit.search.SearchBar.propertiesChanged()	71	
 	4756	org.gjt.sp.jedit.search.SearchBar.find(boolean)	8	
 	4759	org.gjt.sp.jedit.search.SearchBar.setCloseButtonVisibility()	254	
 	4764	org.gjt.sp.jedit.search.SearchBar.KeyHandler.keyPressed(KeyEvent)	75	
1894235	6040	org.gjt.sp.jedit.View.loadToolBars()	3	3
 	4751	org.gjt.sp.jedit.search.SearchBar.SearchBar(View,boolean)	30	
 	4755	org.gjt.sp.jedit.search.SearchBar.propertiesChanged()	24	
 	4756	org.gjt.sp.jedit.search.SearchBar.find(boolean)	6	
 	4759	org.gjt.sp.jedit.search.SearchBar.setCloseButtonVisibility()	207	
 	4764	org.gjt.sp.jedit.search.SearchBar.KeyHandler.keyPressed(KeyEvent)	100	
1906288	169	org.gjt.sp.jedit.textarea.Anchor.preContentRemoved(int,int,int)	135	135
1910061	5219	org.gjt.sp.jedit.textarea.TextArea.centerCaret()	15	15
 	-1	org.gjt.sp.jedit.textarea.TextArea.scrollToCurrent()		
1912735	4837	org.gjt.sp.jedit.gui.statusbar.SelectionLengthWidgetFactory.getWidget(View)	1569	64
 	4838	org.gjt.sp.jedit.gui.statusbar.SelectionLengthWidgetFactory.SelectionLengthWidget.SelectionLengthWidget(View)	64	
 	4839	org.gjt.sp.jedit.gui.statusbar.SelectionLengthWidgetFactory.SelectionLengthWidget.getComponent()	620	
 	4840	org.gjt.sp.jedit.gui.statusbar.SelectionLengthWidgetFactory.SelectionLengthWidget.update()	4051	
 	4841	org.gjt.sp.jedit.gui.statusbar.SelectionLengthWidgetFactory.SelectionLengthWidget.propertiesChanged()	4242	
 	4842	org.gjt.sp.jedit.gui.statusbar.SelectionLengthWidgetFactory.SelectionLengthWidget.handleMessage(EBMessage)	553	
 	4843	org.gjt.sp.jedit.gui.statusbar.SelectionLengthWidgetFactory.SelectionLengthWidget.SelectionLength.addNotify()	2109	
 	4844	org.gjt.sp.jedit.gui.statusbar.SelectionLengthWidgetFactory.SelectionLengthWidget.SelectionLength.removeNotify()	2064	
 	4845	org.gjt.sp.jedit.gui.statusbar.SelectionLengthWidgetFactory.SelectionLengthWidget.SelectionLength.caretUpdate(CaretEvent)	225	
1913979	4768	org.gjt.sp.jedit.search.SearchDialog.setSearchString(String,int)	632	632
1923613	4248	org.gjt.sp.jedit.search.PatternSearchMatcher.nextMatch(CharSequence,boolean,boolean,boolean,boolean)	3	3
 	4730	org.gjt.sp.jedit.search.SearchAndReplace.find(View)	43	
 	4732	org.gjt.sp.jedit.search.SearchAndReplace.find(View,Buffer,int,boolean,boolean)	19	
 	4756	org.gjt.sp.jedit.search.SearchBar.find(boolean)	5	
 	4780	org.gjt.sp.jedit.search.SearchDialog.updateEnabled()	21	
1931333	1145	org.gjt.sp.jedit.gui.CompleteWord.keyTyped(KeyEvent)	128	128
1936518	305	org.gjt.sp.jedit.browser.BrowserCommandsMenu.BrowserCommandsMenu(VFSBrowser,VFSFile[])	4	4
 	5781	org.gjt.sp.jedit.browser.VFSBrowser.rename(String,String)	915	
 	-1	org.gjt.sp.jedit.browser.VFSBrowser.fileProperties()		
 	-1	org.gjt.sp.jedit.gui.FilePropertiesDialog.FilePropertiesDialog(View,VFSBrowser)		
 	1821	org.gjt.sp.jedit.gui.FilePropertiesDialog.createAndShowGUI()	2177	
 	1812	org.gjt.sp.jedit.gui.FilePropertiesDialog.addComponentsToPane()	1733	
 	1813	org.gjt.sp.jedit.gui.FilePropertiesDialog.createNorthPanelAll()	181	
 	1814	org.gjt.sp.jedit.gui.FilePropertiesDialog.createCenterPanelAll()	59	
 	1815	org.gjt.sp.jedit.gui.FilePropertiesDialog.createSouthPanelAll()	2111	
 	1816	org.gjt.sp.jedit.gui.FilePropertiesDialog.createNorthPanel()	1951	
 	1817	org.gjt.sp.jedit.gui.FilePropertiesDialog.createCenterPanel()	282	
 	1818	org.gjt.sp.jedit.gui.FilePropertiesDialog.createSouthPanel()	2112	
 	1819	org.gjt.sp.jedit.gui.FilePropertiesDialog.ok()	328	
 	1820	org.gjt.sp.jedit.gui.FilePropertiesDialog.cancel()	4224	
 	1822	org.gjt.sp.jedit.gui.FilePropertiesDialog.ButtonActionHandler.actionPerformed(ActionEvent)	5365	
1938174	1875	org.gjt.sp.jedit.gui.FilteredListModel.setFilter(String)	11	11
1942313	1262	org.gjt.sp.jedit.textarea.DisplayManager.expandFold(int,boolean)	12	12
1947676	2321	org.gjt.sp.jedit.search.HyperSearchRequest.run()	24	5
 	2347	org.gjt.sp.jedit.search.HyperSearchResults.searchStarted()	5	
 	2349	org.gjt.sp.jedit.search.HyperSearchResults.searchFailed()	67	
 	2350	org.gjt.sp.jedit.search.HyperSearchResults.searchDone(DefaultMutableTreeNode,DefaultMutableTreeNode)	75	
1961989	5576	org.gjt.sp.jedit.options.ToolBarOptionPane._init()	59	50
 	5579	org.gjt.sp.jedit.options.ToolBarOptionPane.reloadButtonList(String)	174	
 	5588	org.gjt.sp.jedit.options.ToolBarOptionPane.ActionHandler.actionPerformed(ActionEvent)	142	
 	65	org.gjt.sp.jedit.gui.AbstractContextOptionPane._init()	50	
 	70	org.gjt.sp.jedit.gui.AbstractContextOptionPane.reloadContextList(String)	58	
 	73	org.gjt.sp.jedit.gui.AbstractContextOptionPane.ActionHandler.actionPerformed(ActionEvent)	140	
1965114	5834	org.gjt.sp.jedit.browser.VFSDirectoryEntryTable.getSelectedFiles()	236	79
 	5841	org.gjt.sp.jedit.browser.VFSDirectoryEntryTable.processKeyEvent(KeyEvent)	79	
1984000	805	org.gjt.sp.jedit.bufferset.BufferSet.addBufferAt(Buffer,int)	48	48
1984974	6038	org.gjt.sp.jedit.View.propertiesChanged()	3	3
 	5027	org.gjt.sp.jedit.options.StatusBarOptionPane._init()	53	
 	5028	org.gjt.sp.jedit.options.StatusBarOptionPane._save()	76	
1999448	717	org.gjt.sp.jedit.textarea.BufferHandler.preContentInserted(JEditBuffer,int,int,int,int)	126	1
 	718	org.gjt.sp.jedit.textarea.BufferHandler.preContentRemoved(JEditBuffer,int,int,int,int)	92	
 	723	org.gjt.sp.jedit.textarea.BufferHandler.getReadyToBreakFold(int)	3	
 	5304	org.gjt.sp.jedit.textarea.TextArea.joinLines()	102	
 	1262	org.gjt.sp.jedit.textarea.DisplayManager.expandFold(int,boolean)	1	
2015210	189	org.gjt.sp.jedit.options.AppearanceOptionPane._init()	86	9
 	4688	org.gjt.sp.jedit.options.SaveBackupOptionPane._init()	9	
2017514	3560	org.gjt.sp.jedit.textarea.MouseHandler.mouseReleased(MouseEvent)	1043	1043
2060078	6045	org.gjt.sp.jedit.View.handleEditPaneUpdate(EditPaneUpdate)	564	60
 	6046	org.gjt.sp.jedit.View.closeDuplicateBuffers(EditPaneUpdate)	60	
2068307	1050	org.gjt.sp.jedit.gui.CloseDialog.CloseDialog(View)	277	62
 	2741	org.gjt.sp.jedit.jEdit.closeBuffer(View,Buffer)	62	
 	623	org.gjt.sp.jedit.Buffer.getPath(Boolean)	4293	
 	668	org.gjt.sp.jedit.Buffer.toString()	502	
 	3438	org.gjt.sp.jedit.MiscUtilities.abbreviate(String)	5307	
 	3508	org.gjt.sp.jedit.MiscUtilities.VarCompressor.VarCompressor()	3177	
 	3509	org.gjt.sp.jedit.MiscUtilities.VarCompressor.compress(String)	6180	
 	4688	org.gjt.sp.jedit.options.SaveBackupOptionPane._init()	71	
 	4689	org.gjt.sp.jedit.options.SaveBackupOptionPane._save()	122	
2069249	2324	org.gjt.sp.jedit.search.HyperSearchRequest.doHyperSearch(Buffer,int,int,DefaultMutableTreeNode)	59	3
 	4248	org.gjt.sp.jedit.search.PatternSearchMatcher.nextMatch(CharSequence,boolean,boolean,boolean,boolean)	3	
 	4730	org.gjt.sp.jedit.search.SearchAndReplace.find(View)	13	
 	4733	org.gjt.sp.jedit.search.SearchAndReplace.replace(View)	216	
 	4744	org.gjt.sp.jedit.search.SearchAndReplace._replace(View,JEditBuffer,SearchMatcher,int,int,boolean)	129	
2077326	631	org.gjt.sp.jedit.Buffer.setDirty(boolean)	7	7
 	678	org.gjt.sp.jedit.Buffer.calculateHash()	116	
 	680	org.gjt.sp.jedit.Buffer.finishLoading()	1273	
 	4688	org.gjt.sp.jedit.options.SaveBackupOptionPane._init()	56	
 	4689	org.gjt.sp.jedit.options.SaveBackupOptionPane._save()	76	
2089713	631	org.gjt.sp.jedit.Buffer.setDirty(boolean)	4	4
2091052	831	org.gjt.sp.jedit.bufferset.BufferSetManager.handleMessage(EBMessage)	38	1
 	844	org.gjt.sp.jedit.bufferset.BufferSetManager.BufferSetClosed.BufferSetClosed(BufferSet)	94	
 	-1	org.gjt.sp.jedit.bufferset.BufferSetManager.BufferSetClosed.BufferSetClosed(View,BufferSet)		
 	-1	org.gjt.sp.jedit.bufferset.BufferSetManager.BufferSetClosed.BufferSetClosed(EditPane,BufferSet)		
 	-1	org.gjt.sp.jedit.bufferset.BufferSetManager.BufferSetClosed.init()		
 	845	org.gjt.sp.jedit.bufferset.BufferSetManager.BufferSetClosed.bufferAdded(Buffer,int)	85	
 	6030	org.gjt.sp.jedit.View.confirmToCloseDirty()	1	
 	6048	org.gjt.sp.jedit.View.getOpenBuffers()	72	
 	1050	org.gjt.sp.jedit.gui.CloseDialog.CloseDialog(View)	67	
 	1051	org.gjt.sp.jedit.gui.CloseDialog.CloseDialog(View,Collection<Buffer>)	339	
 	2820	org.gjt.sp.jedit.jEdit.closeView(View,boolean)	55	
2122926	1700	org.gjt.sp.jedit.gui.statusbar.ErrorsWidgetFactory.ErrorHighlight.ErrorHighlight(View)	219	2
 	1706	org.gjt.sp.jedit.gui.statusbar.ErrorsWidgetFactory.ErrorHighlight.MyMouseAdapter.MyMouseAdapter(View)	1832	
 	1707	org.gjt.sp.jedit.gui.statusbar.ErrorsWidgetFactory.ErrorHighlight.MyMouseAdapter.mouseClicked(MouseEvent)	2	
2129419	1057	org.gjt.sp.jedit.gui.CloseDialog.ListHandler.valueChanged(ListSelectionEvent)	319	319
2169354	4748	org.gjt.sp.jedit.search.SearchAndReplace.regexpReplace(SearchMatcher.Match,String)	299	299
2173091	2324	org.gjt.sp.jedit.search.HyperSearchRequest.doHyperSearch(Buffer,int,int,DefaultMutableTreeNode)	17	11
 	4248	org.gjt.sp.jedit.search.PatternSearchMatcher.nextMatch(CharSequence,boolean,boolean,boolean,boolean)	11	
 	4730	org.gjt.sp.jedit.search.SearchAndReplace.find(View)	407	
 	4733	org.gjt.sp.jedit.search.SearchAndReplace.replace(View)	673	
 	4744	org.gjt.sp.jedit.search.SearchAndReplace._replace(View,JEditBuffer,SearchMatcher,int,int,boolean)	288	
2173112	2324	org.gjt.sp.jedit.search.HyperSearchRequest.doHyperSearch(Buffer,int,int,DefaultMutableTreeNode)	72	72
2183929	1568	org.gjt.sp.jedit.EditPane.bufferAdded(Buffer,int)	15	6
 	1571	org.gjt.sp.jedit.EditPane.bufferSetSorted()	6	
 	-1	org.gjt.sp.jedit.bufferset.BufferSet.BufferSet(Scope)		
 	-1	org.gjt.sp.jedit.bufferset.BufferSet.finalize()		
 	-1	org.gjt.sp.jedit.bufferset.BufferSet.handleMessage(PropertiesChanged)		
 	-1	org.gjt.sp.jedit.bufferset.BufferSet.handleMessage(EBMessage)		
 	805	org.gjt.sp.jedit.bufferset.BufferSet.addBufferAt(Buffer,int)	161	
 	826	org.gjt.sp.jedit.bufferset.BufferSetAdapter.bufferSetSorted()	21	
 	831	org.gjt.sp.jedit.bufferset.BufferSetManager.handleMessage(EBMessage)	84	
2199003	1322	org.gjt.sp.jedit.gui.DockableWindowFactory.getDockableWindowPluginClass(String)	68	3
 	1366	org.gjt.sp.jedit.gui.DockableWindowManager.getDockableWindowPluginName(String)	24	
 	1455	org.gjt.sp.jedit.options.DockingOptionPane._init()	90	
 	1457	org.gjt.sp.jedit.options.DockingOptionPane.createDockingOptionsPanel()	288	
 	1462	org.gjt.sp.jedit.options.WindowTableModel.WindowTableModel()	3	
 	1463	org.gjt.sp.jedit.options.WindowTableModel.getDockableSets()	37	
 	1464	org.gjt.sp.jedit.options.WindowTableModel.showSet(String)	195	
2218621	3436	org.gjt.sp.jedit.MiscUtilities.canonPath(String)	101	101
 	3440	org.gjt.sp.jedit.MiscUtilities.isAbsolutePath(String)	205	
2220025	5012	org.gjt.sp.jedit.gui.StatusBar.propertiesChanged()	562	365
 	5020	org.gjt.sp.jedit.gui.StatusBar.updateCaretStatus()	371	
 	5027	org.gjt.sp.jedit.options.StatusBarOptionPane._init()	365	
 	5028	org.gjt.sp.jedit.options.StatusBarOptionPane._save()	571	
2220033	5011	org.gjt.sp.jedit.gui.StatusBar.StatusBar(View)	702	318
 	5020	org.gjt.sp.jedit.gui.StatusBar.updateCaretStatus()	318	
 	5025	org.gjt.sp.jedit.gui.StatusBar.MouseHandler.mouseClicked(MouseEvent)	1233	
 	5027	org.gjt.sp.jedit.options.StatusBarOptionPane._init()	414	
 	5028	org.gjt.sp.jedit.options.StatusBarOptionPane._save()	448	
2446121	2338	org.gjt.sp.jedit.search.HyperSearchResults.HyperSearchResults(View)	274	126
 	2340	org.gjt.sp.jedit.search.HyperSearchResults.addNotify()	392	
 	2352	org.gjt.sp.jedit.search.HyperSearchResults.updateHighlightStatus()	297	
 	2359	org.gjt.sp.jedit.search.HyperSearchResults.ActionHandler.actionPerformed(ActionEvent)	126	
 	2360	org.gjt.sp.jedit.search.HyperSearchResults.HighlightingTree.HighlightingTree(DefaultTreeModel)	337	
 	2361	org.gjt.sp.jedit.search.HyperSearchResults.HighlightingTree.convertValueToText(Object,boolean,boolean,boolean,int,boolean)	229	
 	-1	org.gjt.sp.jedit.search.HyperSearchResults.HighlightingTree.appendString2html(StringBuffer,String)		
2555956	55	org.gjt.sp.jedit.gui.AboutDialog.AboutPanel.AboutPanel()	24	24
2569381	1129	org.gjt.sp.jedit.gui.CompleteWord.getVisibleBuffers()	155	34
 	1130	org.gjt.sp.jedit.gui.CompleteWord.getCompletions(Buffer,String,int)	34	
 	5418	org.gjt.sp.jedit.options.TextAreaOptionPane._init()	262	
 	5419	org.gjt.sp.jedit.options.TextAreaOptionPane._save()	1812	
2596087	5154	org.gjt.sp.jedit.textarea.TextArea.scrollTo(int,int,boolean)	68	68
 	5324	org.gjt.sp.jedit.textarea.TextArea.recalculateVisibleLines()	81	
2646484	3014	org.gjt.sp.jedit.textarea.JEditTextArea.smartEnd(boolean)	127	5
 	5246	org.gjt.sp.jedit.textarea.TextArea.home(boolean)	339	
 	5247	org.gjt.sp.jedit.textarea.TextArea.end(boolean)	5	
 	5249	org.gjt.sp.jedit.textarea.TextArea.smartEnd(boolean)	12	
 	5252	org.gjt.sp.jedit.textarea.TextArea.goToEndOfCode(boolean)	235	
2668434	6027	org.gjt.sp.jedit.View.View(Buffer,ViewConfig)	269	65
 	6028	org.gjt.sp.jedit.View.updateFullScreenProps()	315	
 	6029	org.gjt.sp.jedit.View.toggleFullScreen()	65	
 	6038	org.gjt.sp.jedit.View.propertiesChanged()	218	
 	6065	org.gjt.sp.jedit.options.ViewOptionPane._init()	283	
 	6066	org.gjt.sp.jedit.options.ViewOptionPane._save()	375	
2688862	2319	org.gjt.sp.jedit.search.HyperSearchOperationNode.getSearchString()	9	7
 	2318	org.gjt.sp.jedit.search.HyperSearchOperationNode.getSearchMatcher()	36	
 	2321	org.gjt.sp.jedit.search.HyperSearchRequest.run()	21	
 	2382	org.gjt.sp.jedit.search.HyperSearchResults.RedoSearchAction.actionPerformed(ActionEvent)	7	
2696564	1573	org.gjt.sp.jedit.EditPane.EditPane(View,Buffer,BufferSet.Scope)	11	3
 	1575	org.gjt.sp.jedit.EditPane.propertiesChanged()	3	
 	2135	org.gjt.sp.jedit.options.GutterOptionPane._init()	10	
 	2136	org.gjt.sp.jedit.options.GutterOptionPane._save()	8	
 	2139	org.gjt.sp.jedit.options.GutterOptionPane.isGutterEnabled()	14	
 	2082	org.gjt.sp.jedit.textarea.Gutter.Gutter(TextArea)	192	
 	2091	org.gjt.sp.jedit.textarea.Gutter.setBorder(Border)	437	
 	2098	org.gjt.sp.jedit.textarea.Gutter.setFont(Font)	662	
 	2099	org.gjt.sp.jedit.textarea.Gutter.setGutterEnabled(boolean)	159	
 	2110	org.gjt.sp.jedit.textarea.Gutter.getPreferredSize()	134	
 	2125	org.gjt.sp.jedit.textarea.Gutter.setSelectionPopupHandler(GutterPopupHandler)	56	
 	2127	org.gjt.sp.jedit.textarea.Gutter.paintLine(Graphics2D,int,int)	1577	
 	2130	org.gjt.sp.jedit.textarea.Gutter.MouseHandler.mousePressed(MouseEvent)	236	
 	2131	org.gjt.sp.jedit.textarea.Gutter.MouseHandler.mouseDragged(MouseEvent)	1025	
 	2132	org.gjt.sp.jedit.textarea.Gutter.MouseHandler.getFoldEndOffset(int)	2954	
 	2133	org.gjt.sp.jedit.textarea.Gutter.MouseHandler.mouseReleased(MouseEvent)	1778	
2744708	611	org.gjt.sp.jedit.Buffer.checkFileStatus(View)	30	8
 	631	org.gjt.sp.jedit.Buffer.setDirty(boolean)	8	
2759434	4990	org.gjt.sp.util.StandardUtilities.getIndentString(String)	607	607
2762745	3359	org.gjt.sp.jedit.pluginmgr.ManagePanel.SaveButton.saveState(String,List<Entry>)	329	329
 	2589	org.gjt.sp.util.IOUtilities.closeQuietly(OutputStream)	2679	
 	2591	org.gjt.sp.util.IOUtilities.closeQuietly(Writer)	5777	
 	2592	org.gjt.sp.util.IOUtilities.closeQuietly(Closeable)	5771	
2777073	1573	org.gjt.sp.jedit.EditPane.EditPane(View,Buffer,BufferSet.Scope)	82	82
 	1575	org.gjt.sp.jedit.EditPane.propertiesChanged()	129	
 	2135	org.gjt.sp.jedit.options.GutterOptionPane._init()	112	
 	2136	org.gjt.sp.jedit.options.GutterOptionPane._save()	196	
 	2141	org.gjt.sp.jedit.options.GutterOptionPane.isSelectionAreaEnabled()	2727	
 	2082	org.gjt.sp.jedit.textarea.Gutter.Gutter(TextArea)	117	
 	2091	org.gjt.sp.jedit.textarea.Gutter.setBorder(Border)	235	
 	-1	org.gjt.sp.jedit.textarea.Gutter.setSelectonAreaEnabled(boolean)		
 	-1	org.gjt.sp.jedit.textarea.Gutter.getLineCount()		
 	2097	org.gjt.sp.jedit.textarea.Gutter.dispose()	517	
 	2098	org.gjt.sp.jedit.textarea.Gutter.setFont(Font)	224	
 	5116	org.gjt.sp.jedit.textarea.TextArea.dispose()	666	
2781716	2361	org.gjt.sp.jedit.search.HyperSearchResults.HighlightingTree.convertValueToText(Object,boolean,boolean,boolean,int,boolean)	487	487
2814857	5308	org.gjt.sp.jedit.textarea.TextArea.removeNotify()	27	27
2823909	6028	org.gjt.sp.jedit.View.updateFullScreenProps()	8	8
2824045	6029	org.gjt.sp.jedit.View.toggleFullScreen()	196	196
2842444	2321	org.gjt.sp.jedit.search.HyperSearchRequest.run()	2	1
 	2338	org.gjt.sp.jedit.search.HyperSearchResults.HyperSearchResults(View)	35	
 	2347	org.gjt.sp.jedit.search.HyperSearchResults.searchStarted()	1	
 	2350	org.gjt.sp.jedit.search.HyperSearchResults.searchDone(DefaultMutableTreeNode,DefaultMutableTreeNode)	106	
 	2359	org.gjt.sp.jedit.search.HyperSearchResults.ActionHandler.actionPerformed(ActionEvent)	81	
2844750	2446	org.gjt.sp.jedit.textarea.InputMethodSupport.paintValidLine(Graphics2D,int,int,int,int,int)	383	63
 	2448	org.gjt.sp.jedit.textarea.InputMethodSupport.getLocationOffset(int,int)	1936	
 	5475	org.gjt.sp.jedit.textarea.TextAreaPainter.PaintLineBackground.paintValidLine(Graphics2D,int,int,int,int,int)	133	
 	5480	org.gjt.sp.jedit.textarea.TextAreaPainter.PaintText.paintValidLine(Graphics2D,int,int,int,int,int)	63	
2846169	1930	org.gjt.sp.jedit.buffer.FoldHandler.getPrecedingFoldLevels(JEditBuffer,int,Segment,int)	32	25
 	2418	org.gjt.sp.jedit.buffer.IndentFoldHandler.getLeadingWhitespaceWidth(Segment,int)	6248	
 	2419	org.gjt.sp.jedit.buffer.IndentFoldHandler.getFoldLevel(JEditBuffer,int,Segment)	84	
 	2420	org.gjt.sp.jedit.buffer.IndentFoldHandler.getPrecedingFoldLevels(JEditBuffer,int,Segment,int)	53	
 	2943	org.gjt.sp.jedit.buffer.JEditBuffer.getFoldLevel(int)	25	
2882702	2058	org.gjt.sp.jedit.GUIUtilities.getScreenBounds()	901	869
 	2060	org.gjt.sp.jedit.GUIUtilities.showPopupMenu(JPopupMenu,Component,int,int,boolean)	869	
 	6059	org.gjt.sp.jedit.View.isInsideScreen(View,Rectangle)	2094	
2887515	52	org.gjt.sp.jedit.gui.AboutDialog.AboutDialog(View)	140	140
 	56	org.gjt.sp.jedit.gui.AboutDialog.AboutPanel.handleKeyEvent(KeyEvent)	146	
 	57	org.gjt.sp.jedit.gui.AboutDialog.AboutPanel.drain()	304	
2887516	2338	org.gjt.sp.jedit.search.HyperSearchResults.HyperSearchResults(View)	66	1
 	2367	org.gjt.sp.jedit.search.HyperSearchResults.MouseHandler.showPopupMenu(MouseEvent)	15	
 	2376	org.gjt.sp.jedit.search.HyperSearchResults.CopyToClipboardAction.CopyToClipboardAction()	1	
 	2377	org.gjt.sp.jedit.search.HyperSearchResults.CopyToClipboardAction.actionPerformed(ActionEvent)	42	
 	2378	org.gjt.sp.jedit.search.HyperSearchResults.ToStringNodes.processNode(DefaultMutableTreeNode)	12	
 	2390	org.gjt.sp.jedit.search.HyperSearchResults.ResultTreeTransferHandler.exportToClipboard(JComponent,Clipboard,int)	31	
2896464	2338	org.gjt.sp.jedit.search.HyperSearchResults.HyperSearchResults(View)	46	1
 	2367	org.gjt.sp.jedit.search.HyperSearchResults.MouseHandler.showPopupMenu(MouseEvent)	45	
 	2376	org.gjt.sp.jedit.search.HyperSearchResults.CopyToClipboardAction.CopyToClipboardAction()	1	
 	2377	org.gjt.sp.jedit.search.HyperSearchResults.CopyToClipboardAction.actionPerformed(ActionEvent)	129	
 	2378	org.gjt.sp.jedit.search.HyperSearchResults.ToStringNodes.processNode(DefaultMutableTreeNode)	16	
 	2390	org.gjt.sp.jedit.search.HyperSearchResults.ResultTreeTransferHandler.exportToClipboard(JComponent,Clipboard,int)	94	
2911122	2606	org.gjt.sp.jedit.JARClassLoader.getResource(String)	34	34
